[{"__symbolic":"module","version":3,"metadata":{"Sidebar":{"__symbolic":"class","decorators":[{"__symbolic":"call","expression":{"__symbolic":"reference","module":"@angular/core","name":"Component"},"arguments":[{"selector":"p-sidebar","template":"\n        <div #container [ngClass]=\"{'ui-sidebar ui-widget ui-widget-content ui-shadow':true, 'ui-sidebar-active': visible, \n            'ui-sidebar-left': (position === 'left'), 'ui-sidebar-right': (position === 'right'),\n            'ui-sidebar-top': (position === 'top'), 'ui-sidebar-bottom': (position === 'bottom'), \n            'ui-sidebar-full': fullScreen}\"\n            [@panelState]=\"visible ? 'visible' : 'hidden'\" [ngStyle]=\"style\" [class]=\"styleClass\">\n            <a [ngClass]=\"{'ui-sidebar-close ui-corner-all':true}\" href=\"#\" role=\"button\" (click)=\"close($event)\">\n                <span class=\"fa fa-fw fa-close\"></span>\n            </a>\n            <ng-content></ng-content>\n        </div>\n    ","animations":[{"__symbolic":"call","expression":{"__symbolic":"reference","module":"@angular/animations","name":"trigger"},"arguments":["panelState",[{"__symbolic":"call","expression":{"__symbolic":"reference","module":"@angular/animations","name":"state"},"arguments":["hidden",{"__symbolic":"call","expression":{"__symbolic":"reference","module":"@angular/animations","name":"style"},"arguments":[{"opacity":0}]}]},{"__symbolic":"call","expression":{"__symbolic":"reference","module":"@angular/animations","name":"state"},"arguments":["visible",{"__symbolic":"call","expression":{"__symbolic":"reference","module":"@angular/animations","name":"style"},"arguments":[{"opacity":1}]}]},{"__symbolic":"call","expression":{"__symbolic":"reference","module":"@angular/animations","name":"transition"},"arguments":["visible => hidden",{"__symbolic":"call","expression":{"__symbolic":"reference","module":"@angular/animations","name":"animate"},"arguments":["300ms ease-in"]}]},{"__symbolic":"call","expression":{"__symbolic":"reference","module":"@angular/animations","name":"transition"},"arguments":["hidden => visible",{"__symbolic":"call","expression":{"__symbolic":"reference","module":"@angular/animations","name":"animate"},"arguments":["300ms ease-out"]}]}]]}],"providers":[{"__symbolic":"reference","module":"../dom/domhandler","name":"DomHandler"}]}]}],"members":{"position":[{"__symbolic":"property","decorators":[{"__symbolic":"call","expression":{"__symbolic":"reference","module":"@angular/core","name":"Input"}}]}],"fullScreen":[{"__symbolic":"property","decorators":[{"__symbolic":"call","expression":{"__symbolic":"reference","module":"@angular/core","name":"Input"}}]}],"appendTo":[{"__symbolic":"property","decorators":[{"__symbolic":"call","expression":{"__symbolic":"reference","module":"@angular/core","name":"Input"}}]}],"blockScroll":[{"__symbolic":"property","decorators":[{"__symbolic":"call","expression":{"__symbolic":"reference","module":"@angular/core","name":"Input"}}]}],"style":[{"__symbolic":"property","decorators":[{"__symbolic":"call","expression":{"__symbolic":"reference","module":"@angular/core","name":"Input"}}]}],"styleClass":[{"__symbolic":"property","decorators":[{"__symbolic":"call","expression":{"__symbolic":"reference","module":"@angular/core","name":"Input"}}]}],"baseZIndex":[{"__symbolic":"property","decorators":[{"__symbolic":"call","expression":{"__symbolic":"reference","module":"@angular/core","name":"Input"}}]}],"containerViewChild":[{"__symbolic":"property","decorators":[{"__symbolic":"call","expression":{"__symbolic":"reference","module":"@angular/core","name":"ViewChild"},"arguments":["container"]}]}],"onShow":[{"__symbolic":"property","decorators":[{"__symbolic":"call","expression":{"__symbolic":"reference","module":"@angular/core","name":"Output"}}]}],"onHide":[{"__symbolic":"property","decorators":[{"__symbolic":"call","expression":{"__symbolic":"reference","module":"@angular/core","name":"Output"}}]}],"visibleChange":[{"__symbolic":"property","decorators":[{"__symbolic":"call","expression":{"__symbolic":"reference","module":"@angular/core","name":"Output"}}]}],"__ctor__":[{"__symbolic":"constructor","parameters":[{"__symbolic":"reference","module":"@angular/core","name":"ElementRef"},{"__symbolic":"reference","module":"../dom/domhandler","name":"DomHandler"},{"__symbolic":"reference","module":"@angular/core","name":"Renderer2"}]}],"ngAfterViewInit":[{"__symbolic":"method"}],"visible":[{"__symbolic":"property","decorators":[{"__symbolic":"call","expression":{"__symbolic":"reference","module":"@angular/core","name":"Input"}}]}],"ngAfterViewChecked":[{"__symbolic":"method"}],"show":[{"__symbolic":"method"}],"hide":[{"__symbolic":"method"}],"close":[{"__symbolic":"method"}],"enableModality":[{"__symbolic":"method"}],"disableModality":[{"__symbolic":"method"}],"unbindMaskClickListener":[{"__symbolic":"method"}],"ngOnDestroy":[{"__symbolic":"method"}]}},"SidebarModule":{"__symbolic":"class","decorators":[{"__symbolic":"call","expression":{"__symbolic":"reference","module":"@angular/core","name":"NgModule"},"arguments":[{"imports":[{"__symbolic":"reference","module":"@angular/common","name":"CommonModule"}],"exports":[{"__symbolic":"reference","name":"Sidebar"}],"declarations":[{"__symbolic":"reference","name":"Sidebar"}]}]}]}}},{"__symbolic":"module","version":1,"metadata":{"Sidebar":{"__symbolic":"class","decorators":[{"__symbolic":"call","expression":{"__symbolic":"reference","module":"@angular/core","name":"Component"},"arguments":[{"selector":"p-sidebar","template":"\n        <div #container [ngClass]=\"{'ui-sidebar ui-widget ui-widget-content ui-shadow':true, 'ui-sidebar-active': visible, \n            'ui-sidebar-left': (position === 'left'), 'ui-sidebar-right': (position === 'right'),\n            'ui-sidebar-top': (position === 'top'), 'ui-sidebar-bottom': (position === 'bottom'), \n            'ui-sidebar-full': fullScreen}\"\n            [@panelState]=\"visible ? 'visible' : 'hidden'\" [ngStyle]=\"style\" [class]=\"styleClass\">\n            <a [ngClass]=\"{'ui-sidebar-close ui-corner-all':true}\" href=\"#\" role=\"button\" (click)=\"close($event)\">\n                <span class=\"fa fa-fw fa-close\"></span>\n            </a>\n            <ng-content></ng-content>\n        </div>\n    ","animations":[{"__symbolic":"call","expression":{"__symbolic":"reference","module":"@angular/animations","name":"trigger"},"arguments":["panelState",[{"__symbolic":"call","expression":{"__symbolic":"reference","module":"@angular/animations","name":"state"},"arguments":["hidden",{"__symbolic":"call","expression":{"__symbolic":"reference","module":"@angular/animations","name":"style"},"arguments":[{"opacity":0}]}]},{"__symbolic":"call","expression":{"__symbolic":"reference","module":"@angular/animations","name":"state"},"arguments":["visible",{"__symbolic":"call","expression":{"__symbolic":"reference","module":"@angular/animations","name":"style"},"arguments":[{"opacity":1}]}]},{"__symbolic":"call","expression":{"__symbolic":"reference","module":"@angular/animations","name":"transition"},"arguments":["visible => hidden",{"__symbolic":"call","expression":{"__symbolic":"reference","module":"@angular/animations","name":"animate"},"arguments":["300ms ease-in"]}]},{"__symbolic":"call","expression":{"__symbolic":"reference","module":"@angular/animations","name":"transition"},"arguments":["hidden => visible",{"__symbolic":"call","expression":{"__symbolic":"reference","module":"@angular/animations","name":"animate"},"arguments":["300ms ease-out"]}]}]]}],"providers":[{"__symbolic":"reference","module":"../dom/domhandler","name":"DomHandler"}]}]}],"members":{"position":[{"__symbolic":"property","decorators":[{"__symbolic":"call","expression":{"__symbolic":"reference","module":"@angular/core","name":"Input"}}]}],"fullScreen":[{"__symbolic":"property","decorators":[{"__symbolic":"call","expression":{"__symbolic":"reference","module":"@angular/core","name":"Input"}}]}],"appendTo":[{"__symbolic":"property","decorators":[{"__symbolic":"call","expression":{"__symbolic":"reference","module":"@angular/core","name":"Input"}}]}],"blockScroll":[{"__symbolic":"property","decorators":[{"__symbolic":"call","expression":{"__symbolic":"reference","module":"@angular/core","name":"Input"}}]}],"style":[{"__symbolic":"property","decorators":[{"__symbolic":"call","expression":{"__symbolic":"reference","module":"@angular/core","name":"Input"}}]}],"styleClass":[{"__symbolic":"property","decorators":[{"__symbolic":"call","expression":{"__symbolic":"reference","module":"@angular/core","name":"Input"}}]}],"baseZIndex":[{"__symbolic":"property","decorators":[{"__symbolic":"call","expression":{"__symbolic":"reference","module":"@angular/core","name":"Input"}}]}],"containerViewChild":[{"__symbolic":"property","decorators":[{"__symbolic":"call","expression":{"__symbolic":"reference","module":"@angular/core","name":"ViewChild"},"arguments":["container"]}]}],"onShow":[{"__symbolic":"property","decorators":[{"__symbolic":"call","expression":{"__symbolic":"reference","module":"@angular/core","name":"Output"}}]}],"onHide":[{"__symbolic":"property","decorators":[{"__symbolic":"call","expression":{"__symbolic":"reference","module":"@angular/core","name":"Output"}}]}],"visibleChange":[{"__symbolic":"property","decorators":[{"__symbolic":"call","expression":{"__symbolic":"reference","module":"@angular/core","name":"Output"}}]}],"__ctor__":[{"__symbolic":"constructor","parameters":[{"__symbolic":"reference","module":"@angular/core","name":"ElementRef"},{"__symbolic":"reference","module":"../dom/domhandler","name":"DomHandler"},{"__symbolic":"reference","module":"@angular/core","name":"Renderer2"}]}],"ngAfterViewInit":[{"__symbolic":"method"}],"visible":[{"__symbolic":"property","decorators":[{"__symbolic":"call","expression":{"__symbolic":"reference","module":"@angular/core","name":"Input"}}]}],"ngAfterViewChecked":[{"__symbolic":"method"}],"show":[{"__symbolic":"method"}],"hide":[{"__symbolic":"method"}],"close":[{"__symbolic":"method"}],"enableModality":[{"__symbolic":"method"}],"disableModality":[{"__symbolic":"method"}],"unbindMaskClickListener":[{"__symbolic":"method"}],"ngOnDestroy":[{"__symbolic":"method"}]}},"SidebarModule":{"__symbolic":"class","decorators":[{"__symbolic":"call","expression":{"__symbolic":"reference","module":"@angular/core","name":"NgModule"},"arguments":[{"imports":[{"__symbolic":"reference","module":"@angular/common","name":"CommonModule"}],"exports":[{"__symbolic":"reference","name":"Sidebar"}],"declarations":[{"__symbolic":"reference","name":"Sidebar"}]}]}]}}}]