[{"__symbolic":"module","version":3,"metadata":{"Growl":{"__symbolic":"class","decorators":[{"__symbolic":"call","expression":{"__symbolic":"reference","module":"@angular/core","name":"Component"},"arguments":[{"selector":"p-growl","template":"\n        <div #container [ngClass]=\"'ui-growl ui-widget'\" [style.zIndex]=\"zIndex\" [ngStyle]=\"style\" [class]=\"styleClass\">\n            <div #msgel *ngFor=\"let msg of value;let i = index\" class=\"ui-growl-item-container ui-state-highlight ui-corner-all ui-shadow\" aria-live=\"polite\"\n                [ngClass]=\"{'ui-growl-message-info':msg.severity == 'info','ui-growl-message-warn':msg.severity == 'warn',\n                    'ui-growl-message-error':msg.severity == 'error','ui-growl-message-success':msg.severity == 'success'}\"\n                    (click)=\"onMessageClick(i)\" (mouseenter)=\"onMessageHover(i)\">\n                <div class=\"ui-growl-item\">\n                     <div class=\"ui-growl-icon-close fa fa-close\" (click)=\"remove(i,msgel)\"></div>\n                     <span class=\"ui-growl-image fa fa-2x\"\n                        [ngClass]=\"{'fa-info-circle':msg.severity == 'info','fa-exclamation-circle':msg.severity == 'warn',\n                                'fa-close':msg.severity == 'error','fa-check':msg.severity == 'success'}\"></span>\n                     <div class=\"ui-growl-message\">\n                        <span class=\"ui-growl-title\">{{msg.summary}}</span>\n                        <p [innerHTML]=\"msg.detail\"></p>\n                     </div>\n                     <div style=\"clear: both;\"></div>\n                </div>\n            </div>\n        </div>\n    ","providers":[{"__symbolic":"reference","module":"../dom/domhandler","name":"DomHandler"}]}]}],"members":{"sticky":[{"__symbolic":"property","decorators":[{"__symbolic":"call","expression":{"__symbolic":"reference","module":"@angular/core","name":"Input"}}]}],"life":[{"__symbolic":"property","decorators":[{"__symbolic":"call","expression":{"__symbolic":"reference","module":"@angular/core","name":"Input"}}]}],"style":[{"__symbolic":"property","decorators":[{"__symbolic":"call","expression":{"__symbolic":"reference","module":"@angular/core","name":"Input"}}]}],"styleClass":[{"__symbolic":"property","decorators":[{"__symbolic":"call","expression":{"__symbolic":"reference","module":"@angular/core","name":"Input"}}]}],"immutable":[{"__symbolic":"property","decorators":[{"__symbolic":"call","expression":{"__symbolic":"reference","module":"@angular/core","name":"Input"}}]}],"onClick":[{"__symbolic":"property","decorators":[{"__symbolic":"call","expression":{"__symbolic":"reference","module":"@angular/core","name":"Output"}}]}],"onHover":[{"__symbolic":"property","decorators":[{"__symbolic":"call","expression":{"__symbolic":"reference","module":"@angular/core","name":"Output"}}]}],"onClose":[{"__symbolic":"property","decorators":[{"__symbolic":"call","expression":{"__symbolic":"reference","module":"@angular/core","name":"Output"}}]}],"valueChange":[{"__symbolic":"property","decorators":[{"__symbolic":"call","expression":{"__symbolic":"reference","module":"@angular/core","name":"Output"}}]}],"containerViewChild":[{"__symbolic":"property","decorators":[{"__symbolic":"call","expression":{"__symbolic":"reference","module":"@angular/core","name":"ViewChild"},"arguments":["container"]}]}],"__ctor__":[{"__symbolic":"constructor","parameterDecorators":[null,null,null,[{"__symbolic":"call","expression":{"__symbolic":"reference","module":"@angular/core","name":"Optional"}}]],"parameters":[{"__symbolic":"reference","module":"@angular/core","name":"ElementRef"},{"__symbolic":"reference","module":"../dom/domhandler","name":"DomHandler"},{"__symbolic":"reference","module":"@angular/core","name":"IterableDiffers"},{"__symbolic":"reference","module":"../common/messageservice","name":"MessageService"}]}],"ngAfterViewInit":[{"__symbolic":"method"}],"value":[{"__symbolic":"property","decorators":[{"__symbolic":"call","expression":{"__symbolic":"reference","module":"@angular/core","name":"Input"}}]}],"ngDoCheck":[{"__symbolic":"method"}],"handleValueChange":[{"__symbolic":"method"}],"initTimeout":[{"__symbolic":"method"}],"remove":[{"__symbolic":"method"}],"removeAll":[{"__symbolic":"method"}],"onMessageClick":[{"__symbolic":"method"}],"onMessageHover":[{"__symbolic":"method"}],"ngOnDestroy":[{"__symbolic":"method"}]}},"GrowlModule":{"__symbolic":"class","decorators":[{"__symbolic":"call","expression":{"__symbolic":"reference","module":"@angular/core","name":"NgModule"},"arguments":[{"imports":[{"__symbolic":"reference","module":"@angular/common","name":"CommonModule"}],"exports":[{"__symbolic":"reference","name":"Growl"}],"declarations":[{"__symbolic":"reference","name":"Growl"}]}]}]}}},{"__symbolic":"module","version":1,"metadata":{"Growl":{"__symbolic":"class","decorators":[{"__symbolic":"call","expression":{"__symbolic":"reference","module":"@angular/core","name":"Component"},"arguments":[{"selector":"p-growl","template":"\n        <div #container [ngClass]=\"'ui-growl ui-widget'\" [style.zIndex]=\"zIndex\" [ngStyle]=\"style\" [class]=\"styleClass\">\n            <div #msgel *ngFor=\"let msg of value;let i = index\" class=\"ui-growl-item-container ui-state-highlight ui-corner-all ui-shadow\" aria-live=\"polite\"\n                [ngClass]=\"{'ui-growl-message-info':msg.severity == 'info','ui-growl-message-warn':msg.severity == 'warn',\n                    'ui-growl-message-error':msg.severity == 'error','ui-growl-message-success':msg.severity == 'success'}\"\n                    (click)=\"onMessageClick(i)\" (mouseenter)=\"onMessageHover(i)\">\n                <div class=\"ui-growl-item\">\n                     <div class=\"ui-growl-icon-close fa fa-close\" (click)=\"remove(i,msgel)\"></div>\n                     <span class=\"ui-growl-image fa fa-2x\"\n                        [ngClass]=\"{'fa-info-circle':msg.severity == 'info','fa-exclamation-circle':msg.severity == 'warn',\n                                'fa-close':msg.severity == 'error','fa-check':msg.severity == 'success'}\"></span>\n                     <div class=\"ui-growl-message\">\n                        <span class=\"ui-growl-title\">{{msg.summary}}</span>\n                        <p [innerHTML]=\"msg.detail\"></p>\n                     </div>\n                     <div style=\"clear: both;\"></div>\n                </div>\n            </div>\n        </div>\n    ","providers":[{"__symbolic":"reference","module":"../dom/domhandler","name":"DomHandler"}]}]}],"members":{"sticky":[{"__symbolic":"property","decorators":[{"__symbolic":"call","expression":{"__symbolic":"reference","module":"@angular/core","name":"Input"}}]}],"life":[{"__symbolic":"property","decorators":[{"__symbolic":"call","expression":{"__symbolic":"reference","module":"@angular/core","name":"Input"}}]}],"style":[{"__symbolic":"property","decorators":[{"__symbolic":"call","expression":{"__symbolic":"reference","module":"@angular/core","name":"Input"}}]}],"styleClass":[{"__symbolic":"property","decorators":[{"__symbolic":"call","expression":{"__symbolic":"reference","module":"@angular/core","name":"Input"}}]}],"immutable":[{"__symbolic":"property","decorators":[{"__symbolic":"call","expression":{"__symbolic":"reference","module":"@angular/core","name":"Input"}}]}],"onClick":[{"__symbolic":"property","decorators":[{"__symbolic":"call","expression":{"__symbolic":"reference","module":"@angular/core","name":"Output"}}]}],"onHover":[{"__symbolic":"property","decorators":[{"__symbolic":"call","expression":{"__symbolic":"reference","module":"@angular/core","name":"Output"}}]}],"onClose":[{"__symbolic":"property","decorators":[{"__symbolic":"call","expression":{"__symbolic":"reference","module":"@angular/core","name":"Output"}}]}],"valueChange":[{"__symbolic":"property","decorators":[{"__symbolic":"call","expression":{"__symbolic":"reference","module":"@angular/core","name":"Output"}}]}],"containerViewChild":[{"__symbolic":"property","decorators":[{"__symbolic":"call","expression":{"__symbolic":"reference","module":"@angular/core","name":"ViewChild"},"arguments":["container"]}]}],"__ctor__":[{"__symbolic":"constructor","parameterDecorators":[null,null,null,[{"__symbolic":"call","expression":{"__symbolic":"reference","module":"@angular/core","name":"Optional"}}]],"parameters":[{"__symbolic":"reference","module":"@angular/core","name":"ElementRef"},{"__symbolic":"reference","module":"../dom/domhandler","name":"DomHandler"},{"__symbolic":"reference","module":"@angular/core","name":"IterableDiffers"},{"__symbolic":"reference","module":"../common/messageservice","name":"MessageService"}]}],"ngAfterViewInit":[{"__symbolic":"method"}],"value":[{"__symbolic":"property","decorators":[{"__symbolic":"call","expression":{"__symbolic":"reference","module":"@angular/core","name":"Input"}}]}],"ngDoCheck":[{"__symbolic":"method"}],"handleValueChange":[{"__symbolic":"method"}],"initTimeout":[{"__symbolic":"method"}],"remove":[{"__symbolic":"method"}],"removeAll":[{"__symbolic":"method"}],"onMessageClick":[{"__symbolic":"method"}],"onMessageHover":[{"__symbolic":"method"}],"ngOnDestroy":[{"__symbolic":"method"}]}},"GrowlModule":{"__symbolic":"class","decorators":[{"__symbolic":"call","expression":{"__symbolic":"reference","module":"@angular/core","name":"NgModule"},"arguments":[{"imports":[{"__symbolic":"reference","module":"@angular/common","name":"CommonModule"}],"exports":[{"__symbolic":"reference","name":"Growl"}],"declarations":[{"__symbolic":"reference","name":"Growl"}]}]}]}}}]