[{"__symbolic":"module","version":3,"metadata":{"OrderList":{"__symbolic":"class","decorators":[{"__symbolic":"call","expression":{"__symbolic":"reference","module":"@angular/core","name":"Component"},"arguments":[{"selector":"p-orderList","template":"\n        <div [ngClass]=\"{'ui-orderlist ui-widget':true,'ui-orderlist-responsive':responsive}\" [ngStyle]=\"style\" [class]=\"styleClass\">\n            <div class=\"ui-orderlist-controls\">\n                <button type=\"button\" pButton icon=\"fa-angle-up\" (click)=\"moveUp($event,listelement)\"></button>\n                <button type=\"button\" pButton icon=\"fa-angle-double-up\" (click)=\"moveTop($event,listelement)\"></button>\n                <button type=\"button\" pButton icon=\"fa-angle-down\" (click)=\"moveDown($event,listelement)\"></button>\n                <button type=\"button\" pButton icon=\"fa-angle-double-down\" (click)=\"moveBottom($event,listelement)\"></button>\n            </div>\n            <div class=\"ui-orderlist-list-container\">\n                <div class=\"ui-orderlist-caption ui-widget-header ui-corner-top\" *ngIf=\"header\">{{header}}</div>\n                <div class=\"ui-orderlist-filter-container ui-widget-content\" *ngIf=\"filterBy\">\n                    <input type=\"text\" role=\"textbox\" (keyup)=\"onFilterKeyup($event)\" class=\"ui-inputtext ui-widget ui-state-default ui-corner-all\" [disabled]=\"disabled\" [attr.placeholder]=\"filterPlaceholder\">\n                    <span class=\"fa fa-search\"></span>\n                </div>\n                <ul #listelement class=\"ui-widget-content ui-orderlist-list ui-corner-bottom\" [ngStyle]=\"listStyle\" (dragover)=\"onListMouseMove($event)\">\n                    <ng-template ngFor let-item [ngForOf]=\"value\" let-i=\"index\" let-l=\"last\">\n                        <li class=\"ui-orderlist-droppoint\" *ngIf=\"dragdrop && isItemVisible(item)\" (dragover)=\"onDragOver($event, i)\" (drop)=\"onDrop($event, i)\" (dragleave)=\"onDragLeave($event)\" \n                            [ngClass]=\"{'ui-state-highlight': (i === dragOverItemIndex)}\"></li>\n                        <li class=\"ui-orderlist-item\"\n                            [ngClass]=\"{'ui-state-highlight':isSelected(item)}\" \n                            (click)=\"onItemClick($event,item)\" (touchend)=\"onItemTouchEnd($event)\"\n                            [style.display]=\"isItemVisible(item) ? 'block' : 'none'\"\n                            [draggable]=\"dragdrop\" (dragstart)=\"onDragStart($event, i)\" (dragend)=\"onDragEnd($event)\">\n                            <ng-template [pTemplateWrapper]=\"itemTemplate\" [item]=\"item\" [index]=\"i\"></ng-template>\n                        </li>\n                        <li class=\"ui-orderlist-droppoint\" *ngIf=\"dragdrop && l\" (dragover)=\"onDragOver($event, i + 1)\" (drop)=\"onDrop($event, i + 1)\" (dragleave)=\"onDragLeave($event)\" \n                            [ngClass]=\"{'ui-state-highlight': (i + 1 === dragOverItemIndex)}\"></li>\n                    </ng-template>\n                </ul>\n            </div>\n        </div>\n    ","providers":[{"__symbolic":"reference","module":"../dom/domhandler","name":"DomHandler"},{"__symbolic":"reference","module":"../utils/objectutils","name":"ObjectUtils"}]}]}],"members":{"header":[{"__symbolic":"property","decorators":[{"__symbolic":"call","expression":{"__symbolic":"reference","module":"@angular/core","name":"Input"}}]}],"style":[{"__symbolic":"property","decorators":[{"__symbolic":"call","expression":{"__symbolic":"reference","module":"@angular/core","name":"Input"}}]}],"styleClass":[{"__symbolic":"property","decorators":[{"__symbolic":"call","expression":{"__symbolic":"reference","module":"@angular/core","name":"Input"}}]}],"listStyle":[{"__symbolic":"property","decorators":[{"__symbolic":"call","expression":{"__symbolic":"reference","module":"@angular/core","name":"Input"}}]}],"responsive":[{"__symbolic":"property","decorators":[{"__symbolic":"call","expression":{"__symbolic":"reference","module":"@angular/core","name":"Input"}}]}],"filterBy":[{"__symbolic":"property","decorators":[{"__symbolic":"call","expression":{"__symbolic":"reference","module":"@angular/core","name":"Input"}}]}],"filterPlaceholder":[{"__symbolic":"property","decorators":[{"__symbolic":"call","expression":{"__symbolic":"reference","module":"@angular/core","name":"Input"}}]}],"metaKeySelection":[{"__symbolic":"property","decorators":[{"__symbolic":"call","expression":{"__symbolic":"reference","module":"@angular/core","name":"Input"}}]}],"dragdrop":[{"__symbolic":"property","decorators":[{"__symbolic":"call","expression":{"__symbolic":"reference","module":"@angular/core","name":"Input"}}]}],"dragdropScope":[{"__symbolic":"property","decorators":[{"__symbolic":"call","expression":{"__symbolic":"reference","module":"@angular/core","name":"Input"}}]}],"onReorder":[{"__symbolic":"property","decorators":[{"__symbolic":"call","expression":{"__symbolic":"reference","module":"@angular/core","name":"Output"}}]}],"onSelectionChange":[{"__symbolic":"property","decorators":[{"__symbolic":"call","expression":{"__symbolic":"reference","module":"@angular/core","name":"Output"}}]}],"onFilterEvent":[{"__symbolic":"property","decorators":[{"__symbolic":"call","expression":{"__symbolic":"reference","module":"@angular/core","name":"Output"}}]}],"listViewChild":[{"__symbolic":"property","decorators":[{"__symbolic":"call","expression":{"__symbolic":"reference","module":"@angular/core","name":"ViewChild"},"arguments":["listelement"]}]}],"templates":[{"__symbolic":"property","decorators":[{"__symbolic":"call","expression":{"__symbolic":"reference","module":"@angular/core","name":"ContentChildren"},"arguments":[{"__symbolic":"reference","module":"../common/shared","name":"PrimeTemplate"}]}]}],"__ctor__":[{"__symbolic":"constructor","parameters":[{"__symbolic":"reference","module":"@angular/core","name":"ElementRef"},{"__symbolic":"reference","module":"../dom/domhandler","name":"DomHandler"},{"__symbolic":"reference","module":"../utils/objectutils","name":"ObjectUtils"}]}],"ngAfterViewInit":[{"__symbolic":"method"}],"ngAfterContentInit":[{"__symbolic":"method"}],"ngAfterViewChecked":[{"__symbolic":"method"}],"value":[{"__symbolic":"property","decorators":[{"__symbolic":"call","expression":{"__symbolic":"reference","module":"@angular/core","name":"Input"}}]}],"onItemClick":[{"__symbolic":"method"}],"onFilterKeyup":[{"__symbolic":"method"}],"filter":[{"__symbolic":"method"}],"isItemVisible":[{"__symbolic":"method"}],"onItemTouchEnd":[{"__symbolic":"method"}],"isSelected":[{"__symbolic":"method"}],"findIndexInList":[{"__symbolic":"method"}],"moveUp":[{"__symbolic":"method"}],"moveTop":[{"__symbolic":"method"}],"moveDown":[{"__symbolic":"method"}],"moveBottom":[{"__symbolic":"method"}],"onDragStart":[{"__symbolic":"method"}],"onDragOver":[{"__symbolic":"method"}],"onDragLeave":[{"__symbolic":"method"}],"onDrop":[{"__symbolic":"method"}],"onDragEnd":[{"__symbolic":"method"}],"onListMouseMove":[{"__symbolic":"method"}]}},"OrderListModule":{"__symbolic":"class","decorators":[{"__symbolic":"call","expression":{"__symbolic":"reference","module":"@angular/core","name":"NgModule"},"arguments":[{"imports":[{"__symbolic":"reference","module":"@angular/common","name":"CommonModule"},{"__symbolic":"reference","module":"../button/button","name":"ButtonModule"},{"__symbolic":"reference","module":"../common/shared","name":"SharedModule"}],"exports":[{"__symbolic":"reference","name":"OrderList"},{"__symbolic":"reference","module":"../common/shared","name":"SharedModule"}],"declarations":[{"__symbolic":"reference","name":"OrderList"}]}]}]}}},{"__symbolic":"module","version":1,"metadata":{"OrderList":{"__symbolic":"class","decorators":[{"__symbolic":"call","expression":{"__symbolic":"reference","module":"@angular/core","name":"Component"},"arguments":[{"selector":"p-orderList","template":"\n        <div [ngClass]=\"{'ui-orderlist ui-widget':true,'ui-orderlist-responsive':responsive}\" [ngStyle]=\"style\" [class]=\"styleClass\">\n            <div class=\"ui-orderlist-controls\">\n                <button type=\"button\" pButton icon=\"fa-angle-up\" (click)=\"moveUp($event,listelement)\"></button>\n                <button type=\"button\" pButton icon=\"fa-angle-double-up\" (click)=\"moveTop($event,listelement)\"></button>\n                <button type=\"button\" pButton icon=\"fa-angle-down\" (click)=\"moveDown($event,listelement)\"></button>\n                <button type=\"button\" pButton icon=\"fa-angle-double-down\" (click)=\"moveBottom($event,listelement)\"></button>\n            </div>\n            <div class=\"ui-orderlist-list-container\">\n                <div class=\"ui-orderlist-caption ui-widget-header ui-corner-top\" *ngIf=\"header\">{{header}}</div>\n                <div class=\"ui-orderlist-filter-container ui-widget-content\" *ngIf=\"filterBy\">\n                    <input type=\"text\" role=\"textbox\" (keyup)=\"onFilterKeyup($event)\" class=\"ui-inputtext ui-widget ui-state-default ui-corner-all\" [disabled]=\"disabled\" [attr.placeholder]=\"filterPlaceholder\">\n                    <span class=\"fa fa-search\"></span>\n                </div>\n                <ul #listelement class=\"ui-widget-content ui-orderlist-list ui-corner-bottom\" [ngStyle]=\"listStyle\" (dragover)=\"onListMouseMove($event)\">\n                    <ng-template ngFor let-item [ngForOf]=\"value\" let-i=\"index\" let-l=\"last\">\n                        <li class=\"ui-orderlist-droppoint\" *ngIf=\"dragdrop && isItemVisible(item)\" (dragover)=\"onDragOver($event, i)\" (drop)=\"onDrop($event, i)\" (dragleave)=\"onDragLeave($event)\" \n                            [ngClass]=\"{'ui-state-highlight': (i === dragOverItemIndex)}\"></li>\n                        <li class=\"ui-orderlist-item\"\n                            [ngClass]=\"{'ui-state-highlight':isSelected(item)}\" \n                            (click)=\"onItemClick($event,item)\" (touchend)=\"onItemTouchEnd($event)\"\n                            [style.display]=\"isItemVisible(item) ? 'block' : 'none'\"\n                            [draggable]=\"dragdrop\" (dragstart)=\"onDragStart($event, i)\" (dragend)=\"onDragEnd($event)\">\n                            <ng-template [pTemplateWrapper]=\"itemTemplate\" [item]=\"item\" [index]=\"i\"></ng-template>\n                        </li>\n                        <li class=\"ui-orderlist-droppoint\" *ngIf=\"dragdrop && l\" (dragover)=\"onDragOver($event, i + 1)\" (drop)=\"onDrop($event, i + 1)\" (dragleave)=\"onDragLeave($event)\" \n                            [ngClass]=\"{'ui-state-highlight': (i + 1 === dragOverItemIndex)}\"></li>\n                    </ng-template>\n                </ul>\n            </div>\n        </div>\n    ","providers":[{"__symbolic":"reference","module":"../dom/domhandler","name":"DomHandler"},{"__symbolic":"reference","module":"../utils/objectutils","name":"ObjectUtils"}]}]}],"members":{"header":[{"__symbolic":"property","decorators":[{"__symbolic":"call","expression":{"__symbolic":"reference","module":"@angular/core","name":"Input"}}]}],"style":[{"__symbolic":"property","decorators":[{"__symbolic":"call","expression":{"__symbolic":"reference","module":"@angular/core","name":"Input"}}]}],"styleClass":[{"__symbolic":"property","decorators":[{"__symbolic":"call","expression":{"__symbolic":"reference","module":"@angular/core","name":"Input"}}]}],"listStyle":[{"__symbolic":"property","decorators":[{"__symbolic":"call","expression":{"__symbolic":"reference","module":"@angular/core","name":"Input"}}]}],"responsive":[{"__symbolic":"property","decorators":[{"__symbolic":"call","expression":{"__symbolic":"reference","module":"@angular/core","name":"Input"}}]}],"filterBy":[{"__symbolic":"property","decorators":[{"__symbolic":"call","expression":{"__symbolic":"reference","module":"@angular/core","name":"Input"}}]}],"filterPlaceholder":[{"__symbolic":"property","decorators":[{"__symbolic":"call","expression":{"__symbolic":"reference","module":"@angular/core","name":"Input"}}]}],"metaKeySelection":[{"__symbolic":"property","decorators":[{"__symbolic":"call","expression":{"__symbolic":"reference","module":"@angular/core","name":"Input"}}]}],"dragdrop":[{"__symbolic":"property","decorators":[{"__symbolic":"call","expression":{"__symbolic":"reference","module":"@angular/core","name":"Input"}}]}],"dragdropScope":[{"__symbolic":"property","decorators":[{"__symbolic":"call","expression":{"__symbolic":"reference","module":"@angular/core","name":"Input"}}]}],"onReorder":[{"__symbolic":"property","decorators":[{"__symbolic":"call","expression":{"__symbolic":"reference","module":"@angular/core","name":"Output"}}]}],"onSelectionChange":[{"__symbolic":"property","decorators":[{"__symbolic":"call","expression":{"__symbolic":"reference","module":"@angular/core","name":"Output"}}]}],"onFilterEvent":[{"__symbolic":"property","decorators":[{"__symbolic":"call","expression":{"__symbolic":"reference","module":"@angular/core","name":"Output"}}]}],"listViewChild":[{"__symbolic":"property","decorators":[{"__symbolic":"call","expression":{"__symbolic":"reference","module":"@angular/core","name":"ViewChild"},"arguments":["listelement"]}]}],"templates":[{"__symbolic":"property","decorators":[{"__symbolic":"call","expression":{"__symbolic":"reference","module":"@angular/core","name":"ContentChildren"},"arguments":[{"__symbolic":"reference","module":"../common/shared","name":"PrimeTemplate"}]}]}],"__ctor__":[{"__symbolic":"constructor","parameters":[{"__symbolic":"reference","module":"@angular/core","name":"ElementRef"},{"__symbolic":"reference","module":"../dom/domhandler","name":"DomHandler"},{"__symbolic":"reference","module":"../utils/objectutils","name":"ObjectUtils"}]}],"ngAfterViewInit":[{"__symbolic":"method"}],"ngAfterContentInit":[{"__symbolic":"method"}],"ngAfterViewChecked":[{"__symbolic":"method"}],"value":[{"__symbolic":"property","decorators":[{"__symbolic":"call","expression":{"__symbolic":"reference","module":"@angular/core","name":"Input"}}]}],"onItemClick":[{"__symbolic":"method"}],"onFilterKeyup":[{"__symbolic":"method"}],"filter":[{"__symbolic":"method"}],"isItemVisible":[{"__symbolic":"method"}],"onItemTouchEnd":[{"__symbolic":"method"}],"isSelected":[{"__symbolic":"method"}],"findIndexInList":[{"__symbolic":"method"}],"moveUp":[{"__symbolic":"method"}],"moveTop":[{"__symbolic":"method"}],"moveDown":[{"__symbolic":"method"}],"moveBottom":[{"__symbolic":"method"}],"onDragStart":[{"__symbolic":"method"}],"onDragOver":[{"__symbolic":"method"}],"onDragLeave":[{"__symbolic":"method"}],"onDrop":[{"__symbolic":"method"}],"onDragEnd":[{"__symbolic":"method"}],"onListMouseMove":[{"__symbolic":"method"}]}},"OrderListModule":{"__symbolic":"class","decorators":[{"__symbolic":"call","expression":{"__symbolic":"reference","module":"@angular/core","name":"NgModule"},"arguments":[{"imports":[{"__symbolic":"reference","module":"@angular/common","name":"CommonModule"},{"__symbolic":"reference","module":"../button/button","name":"ButtonModule"},{"__symbolic":"reference","module":"../common/shared","name":"SharedModule"}],"exports":[{"__symbolic":"reference","name":"OrderList"},{"__symbolic":"reference","module":"../common/shared","name":"SharedModule"}],"declarations":[{"__symbolic":"reference","name":"OrderList"}]}]}]}}}]