[{"__symbolic":"module","version":3,"metadata":{"ProgressSpinner":{"__symbolic":"class","decorators":[{"__symbolic":"call","expression":{"__symbolic":"reference","module":"@angular/core","name":"Component"},"arguments":[{"selector":"p-progressSpinner","template":"\n        <div class=\"ui-progress-spinner\" [ngStyle]=\"style\" [ngClass]=\"styleClass\">\n            <svg class=\"ui-progress-spinner-svg\" viewBox=\"25 25 50 50\" [style.animation-duration]=\"animationDuration\">\n                <circle class=\"ui-progress-spinner-circle\" cx=\"50\" cy=\"50\" r=\"20\" [attr.fill]=\"fill\" [attr.stroke-width]=\"strokeWidth\" stroke-miterlimit=\"10\"/>\n            </svg>\n        </div>\n    "}]}],"members":{"style":[{"__symbolic":"property","decorators":[{"__symbolic":"call","expression":{"__symbolic":"reference","module":"@angular/core","name":"Input"}}]}],"styleClass":[{"__symbolic":"property","decorators":[{"__symbolic":"call","expression":{"__symbolic":"reference","module":"@angular/core","name":"Input"}}]}],"strokeWidth":[{"__symbolic":"property","decorators":[{"__symbolic":"call","expression":{"__symbolic":"reference","module":"@angular/core","name":"Input"}}]}],"fill":[{"__symbolic":"property","decorators":[{"__symbolic":"call","expression":{"__symbolic":"reference","module":"@angular/core","name":"Input"}}]}],"animationDuration":[{"__symbolic":"property","decorators":[{"__symbolic":"call","expression":{"__symbolic":"reference","module":"@angular/core","name":"Input"}}]}]}},"ProgressSpinnerModule":{"__symbolic":"class","decorators":[{"__symbolic":"call","expression":{"__symbolic":"reference","module":"@angular/core","name":"NgModule"},"arguments":[{"imports":[{"__symbolic":"reference","module":"@angular/common","name":"CommonModule"}],"exports":[{"__symbolic":"reference","name":"ProgressSpinner"}],"declarations":[{"__symbolic":"reference","name":"ProgressSpinner"}]}]}]}}},{"__symbolic":"module","version":1,"metadata":{"ProgressSpinner":{"__symbolic":"class","decorators":[{"__symbolic":"call","expression":{"__symbolic":"reference","module":"@angular/core","name":"Component"},"arguments":[{"selector":"p-progressSpinner","template":"\n        <div class=\"ui-progress-spinner\" [ngStyle]=\"style\" [ngClass]=\"styleClass\">\n            <svg class=\"ui-progress-spinner-svg\" viewBox=\"25 25 50 50\" [style.animation-duration]=\"animationDuration\">\n                <circle class=\"ui-progress-spinner-circle\" cx=\"50\" cy=\"50\" r=\"20\" [attr.fill]=\"fill\" [attr.stroke-width]=\"strokeWidth\" stroke-miterlimit=\"10\"/>\n            </svg>\n        </div>\n    "}]}],"members":{"style":[{"__symbolic":"property","decorators":[{"__symbolic":"call","expression":{"__symbolic":"reference","module":"@angular/core","name":"Input"}}]}],"styleClass":[{"__symbolic":"property","decorators":[{"__symbolic":"call","expression":{"__symbolic":"reference","module":"@angular/core","name":"Input"}}]}],"strokeWidth":[{"__symbolic":"property","decorators":[{"__symbolic":"call","expression":{"__symbolic":"reference","module":"@angular/core","name":"Input"}}]}],"fill":[{"__symbolic":"property","decorators":[{"__symbolic":"call","expression":{"__symbolic":"reference","module":"@angular/core","name":"Input"}}]}],"animationDuration":[{"__symbolic":"property","decorators":[{"__symbolic":"call","expression":{"__symbolic":"reference","module":"@angular/core","name":"Input"}}]}]}},"ProgressSpinnerModule":{"__symbolic":"class","decorators":[{"__symbolic":"call","expression":{"__symbolic":"reference","module":"@angular/core","name":"NgModule"},"arguments":[{"imports":[{"__symbolic":"reference","module":"@angular/common","name":"CommonModule"}],"exports":[{"__symbolic":"reference","name":"ProgressSpinner"}],"declarations":[{"__symbolic":"reference","name":"ProgressSpinner"}]}]}]}}}]