[{"__symbolic":"module","version":3,"metadata":{"MenubarSub":{"__symbolic":"class","decorators":[{"__symbolic":"call","expression":{"__symbolic":"reference","module":"@angular/core","name":"Component"},"arguments":[{"selector":"p-menubarSub","template":"\n        <ul [ngClass]=\"{'ui-menubar-root-list ui-helper-clearfix':root, 'ui-widget-content ui-corner-all ui-helper-clearfix ui-menu-child ui-shadow':!root}\" class=\"ui-menu-list\"\n            (click)=\"listClick($event)\">\n            <ng-template ngFor let-child [ngForOf]=\"(root ? item : item.items)\">\n                <li *ngIf=\"child.separator\" class=\"ui-menu-separator ui-widget-content\" [ngClass]=\"{'ui-helper-hidden': child.visible === false}\">\n                <li *ngIf=\"!child.separator\" #listItem [ngClass]=\"{'ui-menuitem ui-widget ui-corner-all':true,'ui-menu-parent':child.items,'ui-menuitem-active':listItem==activeItem}\"\n                    (mouseenter)=\"onItemMouseEnter($event,listItem,child)\" (mouseleave)=\"onItemMouseLeave($event)\">\n                    <a *ngIf=\"!child.routerLink\" [href]=\"child.url||'#'\" [attr.target]=\"child.target\" [attr.title]=\"child.title\" (click)=\"itemClick($event, child)\"\n                         [ngClass]=\"{'ui-menuitem-link ui-corner-all':true,'ui-state-disabled':child.disabled,'ui-helper-hidden': child.visible === false}\" [ngStyle]=\"child.style\" [class]=\"child.styleClass\">\n                        <span class=\"ui-menuitem-icon fa fa-fw\" *ngIf=\"child.icon\" [ngClass]=\"child.icon\"></span>\n                        <span class=\"ui-menuitem-text\">{{child.label}}</span>\n                        <span class=\"ui-submenu-icon fa fa-fw\" *ngIf=\"child.items\" [ngClass]=\"{'fa-caret-down':root,'fa-caret-right':!root}\"></span>\n                    </a>\n                    <a *ngIf=\"child.routerLink\" [routerLink]=\"child.routerLink\" [routerLinkActive]=\"'ui-state-active'\" [routerLinkActiveOptions]=\"child.routerLinkActiveOptions||{exact:false}\" \n                        [attr.target]=\"child.target\" [attr.title]=\"child.title\"\n                        (click)=\"itemClick($event, child)\" [ngClass]=\"{'ui-menuitem-link ui-corner-all':true,'ui-state-disabled':child.disabled,'ui-helper-hidden': child.visible === false}\" [ngStyle]=\"child.style\" [class]=\"child.styleClass\">\n                        <span class=\"ui-menuitem-icon fa fa-fw\" *ngIf=\"child.icon\" [ngClass]=\"child.icon\"></span>\n                        <span class=\"ui-menuitem-text\">{{child.label}}</span>\n                        <span class=\"ui-submenu-icon fa fa-fw\" *ngIf=\"child.items\" [ngClass]=\"{'fa-caret-down':root,'fa-caret-right':!root}\"></span>\n                    </a>\n                    <p-menubarSub class=\"ui-submenu\" [item]=\"child\" *ngIf=\"child.items\"></p-menubarSub>\n                </li>\n            </ng-template>\n            <li class=\"ui-menuitem ui-menuitem-custom ui-widget ui-corner-all\">\n                <ng-content></ng-content>\n            </li>\n        </ul>\n    ","providers":[{"__symbolic":"reference","module":"../dom/domhandler","name":"DomHandler"}]}]}],"members":{"item":[{"__symbolic":"property","decorators":[{"__symbolic":"call","expression":{"__symbolic":"reference","module":"@angular/core","name":"Input"}}]}],"root":[{"__symbolic":"property","decorators":[{"__symbolic":"call","expression":{"__symbolic":"reference","module":"@angular/core","name":"Input"}}]}],"__ctor__":[{"__symbolic":"constructor","parameters":[{"__symbolic":"reference","module":"../dom/domhandler","name":"DomHandler"}]}],"onItemMouseEnter":[{"__symbolic":"method"}],"onItemMouseLeave":[{"__symbolic":"method"}],"itemClick":[{"__symbolic":"method"}],"listClick":[{"__symbolic":"method"}]}},"Menubar":{"__symbolic":"class","decorators":[{"__symbolic":"call","expression":{"__symbolic":"reference","module":"@angular/core","name":"Component"},"arguments":[{"selector":"p-menubar","template":"\n        <div [ngClass]=\"{'ui-menubar ui-menu ui-widget ui-widget-content ui-corner-all ui-helper-clearfix':true}\" \n            [class]=\"styleClass\" [ngStyle]=\"style\">\n            <p-menubarSub [item]=\"model\" root=\"root\">\n                <ng-content></ng-content>\n            </p-menubarSub>\n        </div>\n    ","providers":[{"__symbolic":"reference","module":"../dom/domhandler","name":"DomHandler"}]}]}],"members":{"model":[{"__symbolic":"property","decorators":[{"__symbolic":"call","expression":{"__symbolic":"reference","module":"@angular/core","name":"Input"}}]}],"style":[{"__symbolic":"property","decorators":[{"__symbolic":"call","expression":{"__symbolic":"reference","module":"@angular/core","name":"Input"}}]}],"styleClass":[{"__symbolic":"property","decorators":[{"__symbolic":"call","expression":{"__symbolic":"reference","module":"@angular/core","name":"Input"}}]}],"__ctor__":[{"__symbolic":"constructor","parameters":[{"__symbolic":"reference","module":"@angular/core","name":"ElementRef"},{"__symbolic":"reference","module":"../dom/domhandler","name":"DomHandler"},{"__symbolic":"reference","module":"@angular/core","name":"Renderer2"}]}]}},"MenubarModule":{"__symbolic":"class","decorators":[{"__symbolic":"call","expression":{"__symbolic":"reference","module":"@angular/core","name":"NgModule"},"arguments":[{"imports":[{"__symbolic":"reference","module":"@angular/common","name":"CommonModule"},{"__symbolic":"reference","module":"@angular/router","name":"RouterModule"}],"exports":[{"__symbolic":"reference","name":"Menubar"},{"__symbolic":"reference","module":"@angular/router","name":"RouterModule"}],"declarations":[{"__symbolic":"reference","name":"Menubar"},{"__symbolic":"reference","name":"MenubarSub"}]}]}]}}},{"__symbolic":"module","version":1,"metadata":{"MenubarSub":{"__symbolic":"class","decorators":[{"__symbolic":"call","expression":{"__symbolic":"reference","module":"@angular/core","name":"Component"},"arguments":[{"selector":"p-menubarSub","template":"\n        <ul [ngClass]=\"{'ui-menubar-root-list ui-helper-clearfix':root, 'ui-widget-content ui-corner-all ui-helper-clearfix ui-menu-child ui-shadow':!root}\" class=\"ui-menu-list\"\n            (click)=\"listClick($event)\">\n            <ng-template ngFor let-child [ngForOf]=\"(root ? item : item.items)\">\n                <li *ngIf=\"child.separator\" class=\"ui-menu-separator ui-widget-content\" [ngClass]=\"{'ui-helper-hidden': child.visible === false}\">\n                <li *ngIf=\"!child.separator\" #listItem [ngClass]=\"{'ui-menuitem ui-widget ui-corner-all':true,'ui-menu-parent':child.items,'ui-menuitem-active':listItem==activeItem}\"\n                    (mouseenter)=\"onItemMouseEnter($event,listItem,child)\" (mouseleave)=\"onItemMouseLeave($event)\">\n                    <a *ngIf=\"!child.routerLink\" [href]=\"child.url||'#'\" [attr.target]=\"child.target\" [attr.title]=\"child.title\" (click)=\"itemClick($event, child)\"\n                         [ngClass]=\"{'ui-menuitem-link ui-corner-all':true,'ui-state-disabled':child.disabled,'ui-helper-hidden': child.visible === false}\" [ngStyle]=\"child.style\" [class]=\"child.styleClass\">\n                        <span class=\"ui-menuitem-icon fa fa-fw\" *ngIf=\"child.icon\" [ngClass]=\"child.icon\"></span>\n                        <span class=\"ui-menuitem-text\">{{child.label}}</span>\n                        <span class=\"ui-submenu-icon fa fa-fw\" *ngIf=\"child.items\" [ngClass]=\"{'fa-caret-down':root,'fa-caret-right':!root}\"></span>\n                    </a>\n                    <a *ngIf=\"child.routerLink\" [routerLink]=\"child.routerLink\" [routerLinkActive]=\"'ui-state-active'\" [routerLinkActiveOptions]=\"child.routerLinkActiveOptions||{exact:false}\" \n                        [attr.target]=\"child.target\" [attr.title]=\"child.title\"\n                        (click)=\"itemClick($event, child)\" [ngClass]=\"{'ui-menuitem-link ui-corner-all':true,'ui-state-disabled':child.disabled,'ui-helper-hidden': child.visible === false}\" [ngStyle]=\"child.style\" [class]=\"child.styleClass\">\n                        <span class=\"ui-menuitem-icon fa fa-fw\" *ngIf=\"child.icon\" [ngClass]=\"child.icon\"></span>\n                        <span class=\"ui-menuitem-text\">{{child.label}}</span>\n                        <span class=\"ui-submenu-icon fa fa-fw\" *ngIf=\"child.items\" [ngClass]=\"{'fa-caret-down':root,'fa-caret-right':!root}\"></span>\n                    </a>\n                    <p-menubarSub class=\"ui-submenu\" [item]=\"child\" *ngIf=\"child.items\"></p-menubarSub>\n                </li>\n            </ng-template>\n            <li class=\"ui-menuitem ui-menuitem-custom ui-widget ui-corner-all\">\n                <ng-content></ng-content>\n            </li>\n        </ul>\n    ","providers":[{"__symbolic":"reference","module":"../dom/domhandler","name":"DomHandler"}]}]}],"members":{"item":[{"__symbolic":"property","decorators":[{"__symbolic":"call","expression":{"__symbolic":"reference","module":"@angular/core","name":"Input"}}]}],"root":[{"__symbolic":"property","decorators":[{"__symbolic":"call","expression":{"__symbolic":"reference","module":"@angular/core","name":"Input"}}]}],"__ctor__":[{"__symbolic":"constructor","parameters":[{"__symbolic":"reference","module":"../dom/domhandler","name":"DomHandler"}]}],"onItemMouseEnter":[{"__symbolic":"method"}],"onItemMouseLeave":[{"__symbolic":"method"}],"itemClick":[{"__symbolic":"method"}],"listClick":[{"__symbolic":"method"}]}},"Menubar":{"__symbolic":"class","decorators":[{"__symbolic":"call","expression":{"__symbolic":"reference","module":"@angular/core","name":"Component"},"arguments":[{"selector":"p-menubar","template":"\n        <div [ngClass]=\"{'ui-menubar ui-menu ui-widget ui-widget-content ui-corner-all ui-helper-clearfix':true}\" \n            [class]=\"styleClass\" [ngStyle]=\"style\">\n            <p-menubarSub [item]=\"model\" root=\"root\">\n                <ng-content></ng-content>\n            </p-menubarSub>\n        </div>\n    ","providers":[{"__symbolic":"reference","module":"../dom/domhandler","name":"DomHandler"}]}]}],"members":{"model":[{"__symbolic":"property","decorators":[{"__symbolic":"call","expression":{"__symbolic":"reference","module":"@angular/core","name":"Input"}}]}],"style":[{"__symbolic":"property","decorators":[{"__symbolic":"call","expression":{"__symbolic":"reference","module":"@angular/core","name":"Input"}}]}],"styleClass":[{"__symbolic":"property","decorators":[{"__symbolic":"call","expression":{"__symbolic":"reference","module":"@angular/core","name":"Input"}}]}],"__ctor__":[{"__symbolic":"constructor","parameters":[{"__symbolic":"reference","module":"@angular/core","name":"ElementRef"},{"__symbolic":"reference","module":"../dom/domhandler","name":"DomHandler"},{"__symbolic":"reference","module":"@angular/core","name":"Renderer2"}]}]}},"MenubarModule":{"__symbolic":"class","decorators":[{"__symbolic":"call","expression":{"__symbolic":"reference","module":"@angular/core","name":"NgModule"},"arguments":[{"imports":[{"__symbolic":"reference","module":"@angular/common","name":"CommonModule"},{"__symbolic":"reference","module":"@angular/router","name":"RouterModule"}],"exports":[{"__symbolic":"reference","name":"Menubar"},{"__symbolic":"reference","module":"@angular/router","name":"RouterModule"}],"declarations":[{"__symbolic":"reference","name":"Menubar"},{"__symbolic":"reference","name":"MenubarSub"}]}]}]}}}]