[{"__symbolic":"module","version":3,"metadata":{"RATING_VALUE_ACCESSOR":{"provide":{"__symbolic":"reference","module":"@angular/forms","name":"NG_VALUE_ACCESSOR"},"useExisting":{"__symbolic":"reference","name":"Rating"},"multi":true},"Rating":{"__symbolic":"class","decorators":[{"__symbolic":"call","expression":{"__symbolic":"reference","module":"@angular/core","name":"Component"},"arguments":[{"selector":"p-rating","template":"\n        <div class=\"ui-rating\" [ngClass]=\"{'ui-state-disabled': disabled}\">\n            <a href=\"#\" *ngIf=\"cancel\" (click)=\"clear($event)\">\n                <span class=\"fa\" [ngClass]=\"iconCancelClass\" [ngStyle]=\"iconCancelStyle\"></span>\n            </a>\n            <a href=\"#\" *ngFor=\"let star of starsArray;let i=index\" (click)=\"rate($event,i)\">\n                <span class=\"fa\" \n                    [ngClass]=\"(!value || i >= value) ? iconOffClass : iconOnClass\"\n                    [ngStyle]=\"(!value || i >= value) ? iconOffStyle : iconOnStyle\"\n                ></span>\n            </a>\n        </div>\n    ","providers":[{"__symbolic":"reference","name":"RATING_VALUE_ACCESSOR"}]}]}],"members":{"disabled":[{"__symbolic":"property","decorators":[{"__symbolic":"call","expression":{"__symbolic":"reference","module":"@angular/core","name":"Input"}}]}],"readonly":[{"__symbolic":"property","decorators":[{"__symbolic":"call","expression":{"__symbolic":"reference","module":"@angular/core","name":"Input"}}]}],"stars":[{"__symbolic":"property","decorators":[{"__symbolic":"call","expression":{"__symbolic":"reference","module":"@angular/core","name":"Input"}}]}],"cancel":[{"__symbolic":"property","decorators":[{"__symbolic":"call","expression":{"__symbolic":"reference","module":"@angular/core","name":"Input"}}]}],"iconOnClass":[{"__symbolic":"property","decorators":[{"__symbolic":"call","expression":{"__symbolic":"reference","module":"@angular/core","name":"Input"}}]}],"iconOnStyle":[{"__symbolic":"property","decorators":[{"__symbolic":"call","expression":{"__symbolic":"reference","module":"@angular/core","name":"Input"}}]}],"iconOffClass":[{"__symbolic":"property","decorators":[{"__symbolic":"call","expression":{"__symbolic":"reference","module":"@angular/core","name":"Input"}}]}],"iconOffStyle":[{"__symbolic":"property","decorators":[{"__symbolic":"call","expression":{"__symbolic":"reference","module":"@angular/core","name":"Input"}}]}],"iconCancelClass":[{"__symbolic":"property","decorators":[{"__symbolic":"call","expression":{"__symbolic":"reference","module":"@angular/core","name":"Input"}}]}],"iconCancelStyle":[{"__symbolic":"property","decorators":[{"__symbolic":"call","expression":{"__symbolic":"reference","module":"@angular/core","name":"Input"}}]}],"onRate":[{"__symbolic":"property","decorators":[{"__symbolic":"call","expression":{"__symbolic":"reference","module":"@angular/core","name":"Output"}}]}],"onCancel":[{"__symbolic":"property","decorators":[{"__symbolic":"call","expression":{"__symbolic":"reference","module":"@angular/core","name":"Output"}}]}],"ngOnInit":[{"__symbolic":"method"}],"rate":[{"__symbolic":"method"}],"clear":[{"__symbolic":"method"}],"writeValue":[{"__symbolic":"method"}],"registerOnChange":[{"__symbolic":"method"}],"registerOnTouched":[{"__symbolic":"method"}],"setDisabledState":[{"__symbolic":"method"}]}},"RatingModule":{"__symbolic":"class","decorators":[{"__symbolic":"call","expression":{"__symbolic":"reference","module":"@angular/core","name":"NgModule"},"arguments":[{"imports":[{"__symbolic":"reference","module":"@angular/common","name":"CommonModule"}],"exports":[{"__symbolic":"reference","name":"Rating"}],"declarations":[{"__symbolic":"reference","name":"Rating"}]}]}]}}},{"__symbolic":"module","version":1,"metadata":{"RATING_VALUE_ACCESSOR":{"provide":{"__symbolic":"reference","module":"@angular/forms","name":"NG_VALUE_ACCESSOR"},"useExisting":{"__symbolic":"reference","name":"Rating"},"multi":true},"Rating":{"__symbolic":"class","decorators":[{"__symbolic":"call","expression":{"__symbolic":"reference","module":"@angular/core","name":"Component"},"arguments":[{"selector":"p-rating","template":"\n        <div class=\"ui-rating\" [ngClass]=\"{'ui-state-disabled': disabled}\">\n            <a href=\"#\" *ngIf=\"cancel\" (click)=\"clear($event)\">\n                <span class=\"fa\" [ngClass]=\"iconCancelClass\" [ngStyle]=\"iconCancelStyle\"></span>\n            </a>\n            <a href=\"#\" *ngFor=\"let star of starsArray;let i=index\" (click)=\"rate($event,i)\">\n                <span class=\"fa\" \n                    [ngClass]=\"(!value || i >= value) ? iconOffClass : iconOnClass\"\n                    [ngStyle]=\"(!value || i >= value) ? iconOffStyle : iconOnStyle\"\n                ></span>\n            </a>\n        </div>\n    ","providers":[{"__symbolic":"reference","name":"RATING_VALUE_ACCESSOR"}]}]}],"members":{"disabled":[{"__symbolic":"property","decorators":[{"__symbolic":"call","expression":{"__symbolic":"reference","module":"@angular/core","name":"Input"}}]}],"readonly":[{"__symbolic":"property","decorators":[{"__symbolic":"call","expression":{"__symbolic":"reference","module":"@angular/core","name":"Input"}}]}],"stars":[{"__symbolic":"property","decorators":[{"__symbolic":"call","expression":{"__symbolic":"reference","module":"@angular/core","name":"Input"}}]}],"cancel":[{"__symbolic":"property","decorators":[{"__symbolic":"call","expression":{"__symbolic":"reference","module":"@angular/core","name":"Input"}}]}],"iconOnClass":[{"__symbolic":"property","decorators":[{"__symbolic":"call","expression":{"__symbolic":"reference","module":"@angular/core","name":"Input"}}]}],"iconOnStyle":[{"__symbolic":"property","decorators":[{"__symbolic":"call","expression":{"__symbolic":"reference","module":"@angular/core","name":"Input"}}]}],"iconOffClass":[{"__symbolic":"property","decorators":[{"__symbolic":"call","expression":{"__symbolic":"reference","module":"@angular/core","name":"Input"}}]}],"iconOffStyle":[{"__symbolic":"property","decorators":[{"__symbolic":"call","expression":{"__symbolic":"reference","module":"@angular/core","name":"Input"}}]}],"iconCancelClass":[{"__symbolic":"property","decorators":[{"__symbolic":"call","expression":{"__symbolic":"reference","module":"@angular/core","name":"Input"}}]}],"iconCancelStyle":[{"__symbolic":"property","decorators":[{"__symbolic":"call","expression":{"__symbolic":"reference","module":"@angular/core","name":"Input"}}]}],"onRate":[{"__symbolic":"property","decorators":[{"__symbolic":"call","expression":{"__symbolic":"reference","module":"@angular/core","name":"Output"}}]}],"onCancel":[{"__symbolic":"property","decorators":[{"__symbolic":"call","expression":{"__symbolic":"reference","module":"@angular/core","name":"Output"}}]}],"ngOnInit":[{"__symbolic":"method"}],"rate":[{"__symbolic":"method"}],"clear":[{"__symbolic":"method"}],"writeValue":[{"__symbolic":"method"}],"registerOnChange":[{"__symbolic":"method"}],"registerOnTouched":[{"__symbolic":"method"}],"setDisabledState":[{"__symbolic":"method"}]}},"RatingModule":{"__symbolic":"class","decorators":[{"__symbolic":"call","expression":{"__symbolic":"reference","module":"@angular/core","name":"NgModule"},"arguments":[{"imports":[{"__symbolic":"reference","module":"@angular/common","name":"CommonModule"}],"exports":[{"__symbolic":"reference","name":"Rating"}],"declarations":[{"__symbolic":"reference","name":"Rating"}]}]}]}}}]