[{"__symbolic":"module","version":3,"metadata":{"DROPDOWN_VALUE_ACCESSOR":{"provide":{"__symbolic":"reference","module":"@angular/forms","name":"NG_VALUE_ACCESSOR"},"useExisting":{"__symbolic":"reference","name":"Dropdown"},"multi":true},"Dropdown":{"__symbolic":"class","decorators":[{"__symbolic":"call","expression":{"__symbolic":"reference","module":"@angular/core","name":"Component"},"arguments":[{"selector":"p-dropdown","template":"\n         <div #container [ngClass]=\"{'ui-dropdown ui-widget ui-state-default ui-corner-all ui-helper-clearfix':true,\n            'ui-state-disabled':disabled,'ui-dropdown-open':panelVisible,'ui-state-focus':focus}\"\n            (click)=\"onMouseclick($event)\" [ngStyle]=\"style\" [class]=\"styleClass\">\n            <div class=\"ui-helper-hidden-accessible\" *ngIf=\"autoWidth\">\n                <select [required]=\"required\" name=\"options\" [attr.aria-label]=\"selectedOption ? selectedOption.label : ' '\" tabindex=\"-1\" aria-hidden=\"true\">\n                    <option *ngFor=\"let option of options\" [value]=\"option.value\" [selected]=\"selectedOption == option\">{{option.label}}</option>\n                </select>\n            </div>\n            <div class=\"ui-helper-hidden-accessible\">\n                <input #in [attr.id]=\"inputId\" type=\"text\" [attr.aria-label]=\"selectedOption ? selectedOption.label : ' '\" readonly (focus)=\"onInputFocus($event)\" role=\"listbox\"\n                    (blur)=\"onInputBlur($event)\" (keydown)=\"onKeydown($event)\" [disabled]=\"disabled\" [attr.tabindex]=\"tabindex\" [attr.autofocus]=\"autofocus\">\n            </div>\n            <label [ngClass]=\"{'ui-dropdown-label ui-inputtext ui-corner-all':true,'ui-dropdown-label-empty':(label == null || label.length === 0)}\" *ngIf=\"!editable && (label != null)\">{{label||'empty'}}</label>\n            <label [ngClass]=\"{'ui-dropdown-label ui-inputtext ui-corner-all ui-placeholder':true,'ui-dropdown-label-empty': (placeholder == null || placeholder.length === 0)}\" *ngIf=\"!editable && (label == null)\">{{placeholder||'empty'}}</label>\n            <input #editableInput type=\"text\" [attr.aria-label]=\"selectedOption ? selectedOption.label : ' '\" class=\"ui-dropdown-label ui-inputtext ui-corner-all\" *ngIf=\"editable\" [disabled]=\"disabled\" [attr.placeholder]=\"placeholder\"\n                        (click)=\"onEditableInputClick($event)\" (input)=\"onEditableInputChange($event)\" (focus)=\"onEditableInputFocus($event)\" (blur)=\"onInputBlur($event)\">\n            <div class=\"ui-dropdown-trigger ui-state-default ui-corner-right\">\n                <span class=\"fa fa-fw fa-caret-down ui-clickable\"></span>\n            </div>\n            <div #panel [ngClass]=\"'ui-dropdown-panel ui-widget-content ui-corner-all ui-helper-hidden ui-shadow'\" [@panelState]=\"panelVisible ? 'visible' : 'hidden'\"\n                [style.display]=\"panelVisible ? 'block' : 'none'\" [ngStyle]=\"panelStyle\" [class]=\"panelStyleClass\">\n                <div *ngIf=\"filter\" class=\"ui-dropdown-filter-container\" (input)=\"onFilter($event)\" (click)=\"$event.stopPropagation()\">\n                    <input #filter type=\"text\" autocomplete=\"off\" class=\"ui-dropdown-filter ui-inputtext ui-widget ui-state-default ui-corner-all\" [attr.placeholder]=\"filterPlaceholder\"\n                    (keydown.enter)=\"$event.preventDefault()\" (keydown)=\"onKeydown($event)\">\n                    <span class=\"fa fa-search\"></span>\n                </div>\n                <div #itemswrapper class=\"ui-dropdown-items-wrapper\" [style.max-height]=\"scrollHeight||'auto'\">\n                    <ul class=\"ui-dropdown-items ui-dropdown-list ui-widget-content ui-widget ui-corner-all ui-helper-reset\" *ngIf=\"lazy ? panelVisible : true\">\n                        <li *ngFor=\"let option of optionsToDisplay;let i=index\"\n                            [ngClass]=\"{'ui-dropdown-item ui-corner-all':true, 'ui-state-highlight':(selectedOption == option),\n                            'ui-dropdown-item-empty':!option.label||option.label.length === 0}\"\n                            (click)=\"onItemClick($event, option)\">\n                            <span *ngIf=\"!itemTemplate\">{{option.label||'empty'}}</span>\n                            <ng-template [pTemplateWrapper]=\"itemTemplate\" [item]=\"option\" *ngIf=\"itemTemplate\"></ng-template>\n                        </li>\n                    </ul>\n                </div>\n            </div>\n        </div>\n    ","animations":[{"__symbolic":"call","expression":{"__symbolic":"reference","module":"@angular/animations","name":"trigger"},"arguments":["panelState",[{"__symbolic":"call","expression":{"__symbolic":"reference","module":"@angular/animations","name":"state"},"arguments":["hidden",{"__symbolic":"call","expression":{"__symbolic":"reference","module":"@angular/animations","name":"style"},"arguments":[{"opacity":0}]}]},{"__symbolic":"call","expression":{"__symbolic":"reference","module":"@angular/animations","name":"state"},"arguments":["visible",{"__symbolic":"call","expression":{"__symbolic":"reference","module":"@angular/animations","name":"style"},"arguments":[{"opacity":1}]}]},{"__symbolic":"call","expression":{"__symbolic":"reference","module":"@angular/animations","name":"transition"},"arguments":["visible => hidden",{"__symbolic":"call","expression":{"__symbolic":"reference","module":"@angular/animations","name":"animate"},"arguments":["400ms ease-in"]}]},{"__symbolic":"call","expression":{"__symbolic":"reference","module":"@angular/animations","name":"transition"},"arguments":["hidden => visible",{"__symbolic":"call","expression":{"__symbolic":"reference","module":"@angular/animations","name":"animate"},"arguments":["400ms ease-out"]}]}]]}],"providers":[{"__symbolic":"reference","module":"../dom/domhandler","name":"DomHandler"},{"__symbolic":"reference","module":"../utils/objectutils","name":"ObjectUtils"},{"__symbolic":"reference","name":"DROPDOWN_VALUE_ACCESSOR"}]}]}],"members":{"scrollHeight":[{"__symbolic":"property","decorators":[{"__symbolic":"call","expression":{"__symbolic":"reference","module":"@angular/core","name":"Input"}}]}],"filter":[{"__symbolic":"property","decorators":[{"__symbolic":"call","expression":{"__symbolic":"reference","module":"@angular/core","name":"Input"}}]}],"style":[{"__symbolic":"property","decorators":[{"__symbolic":"call","expression":{"__symbolic":"reference","module":"@angular/core","name":"Input"}}]}],"panelStyle":[{"__symbolic":"property","decorators":[{"__symbolic":"call","expression":{"__symbolic":"reference","module":"@angular/core","name":"Input"}}]}],"styleClass":[{"__symbolic":"property","decorators":[{"__symbolic":"call","expression":{"__symbolic":"reference","module":"@angular/core","name":"Input"}}]}],"panelStyleClass":[{"__symbolic":"property","decorators":[{"__symbolic":"call","expression":{"__symbolic":"reference","module":"@angular/core","name":"Input"}}]}],"disabled":[{"__symbolic":"property","decorators":[{"__symbolic":"call","expression":{"__symbolic":"reference","module":"@angular/core","name":"Input"}}]}],"readonly":[{"__symbolic":"property","decorators":[{"__symbolic":"call","expression":{"__symbolic":"reference","module":"@angular/core","name":"Input"}}]}],"autoWidth":[{"__symbolic":"property","decorators":[{"__symbolic":"call","expression":{"__symbolic":"reference","module":"@angular/core","name":"Input"}}]}],"required":[{"__symbolic":"property","decorators":[{"__symbolic":"call","expression":{"__symbolic":"reference","module":"@angular/core","name":"Input"}}]}],"editable":[{"__symbolic":"property","decorators":[{"__symbolic":"call","expression":{"__symbolic":"reference","module":"@angular/core","name":"Input"}}]}],"appendTo":[{"__symbolic":"property","decorators":[{"__symbolic":"call","expression":{"__symbolic":"reference","module":"@angular/core","name":"Input"}}]}],"tabindex":[{"__symbolic":"property","decorators":[{"__symbolic":"call","expression":{"__symbolic":"reference","module":"@angular/core","name":"Input"}}]}],"placeholder":[{"__symbolic":"property","decorators":[{"__symbolic":"call","expression":{"__symbolic":"reference","module":"@angular/core","name":"Input"}}]}],"filterPlaceholder":[{"__symbolic":"property","decorators":[{"__symbolic":"call","expression":{"__symbolic":"reference","module":"@angular/core","name":"Input"}}]}],"inputId":[{"__symbolic":"property","decorators":[{"__symbolic":"call","expression":{"__symbolic":"reference","module":"@angular/core","name":"Input"}}]}],"dataKey":[{"__symbolic":"property","decorators":[{"__symbolic":"call","expression":{"__symbolic":"reference","module":"@angular/core","name":"Input"}}]}],"filterBy":[{"__symbolic":"property","decorators":[{"__symbolic":"call","expression":{"__symbolic":"reference","module":"@angular/core","name":"Input"}}]}],"lazy":[{"__symbolic":"property","decorators":[{"__symbolic":"call","expression":{"__symbolic":"reference","module":"@angular/core","name":"Input"}}]}],"autofocus":[{"__symbolic":"property","decorators":[{"__symbolic":"call","expression":{"__symbolic":"reference","module":"@angular/core","name":"Input"}}]}],"resetFilterOnHide":[{"__symbolic":"property","decorators":[{"__symbolic":"call","expression":{"__symbolic":"reference","module":"@angular/core","name":"Input"}}]}],"onChange":[{"__symbolic":"property","decorators":[{"__symbolic":"call","expression":{"__symbolic":"reference","module":"@angular/core","name":"Output"}}]}],"onFocus":[{"__symbolic":"property","decorators":[{"__symbolic":"call","expression":{"__symbolic":"reference","module":"@angular/core","name":"Output"}}]}],"onBlur":[{"__symbolic":"property","decorators":[{"__symbolic":"call","expression":{"__symbolic":"reference","module":"@angular/core","name":"Output"}}]}],"containerViewChild":[{"__symbolic":"property","decorators":[{"__symbolic":"call","expression":{"__symbolic":"reference","module":"@angular/core","name":"ViewChild"},"arguments":["container"]}]}],"panelViewChild":[{"__symbolic":"property","decorators":[{"__symbolic":"call","expression":{"__symbolic":"reference","module":"@angular/core","name":"ViewChild"},"arguments":["panel"]}]}],"itemsWrapperViewChild":[{"__symbolic":"property","decorators":[{"__symbolic":"call","expression":{"__symbolic":"reference","module":"@angular/core","name":"ViewChild"},"arguments":["itemswrapper"]}]}],"filterViewChild":[{"__symbolic":"property","decorators":[{"__symbolic":"call","expression":{"__symbolic":"reference","module":"@angular/core","name":"ViewChild"},"arguments":["filter"]}]}],"focusViewChild":[{"__symbolic":"property","decorators":[{"__symbolic":"call","expression":{"__symbolic":"reference","module":"@angular/core","name":"ViewChild"},"arguments":["in"]}]}],"editableInputViewChild":[{"__symbolic":"property","decorators":[{"__symbolic":"call","expression":{"__symbolic":"reference","module":"@angular/core","name":"ViewChild"},"arguments":["editableInput"]}]}],"templates":[{"__symbolic":"property","decorators":[{"__symbolic":"call","expression":{"__symbolic":"reference","module":"@angular/core","name":"ContentChildren"},"arguments":[{"__symbolic":"reference","module":"../common/shared","name":"PrimeTemplate"}]}]}],"__ctor__":[{"__symbolic":"constructor","parameters":[{"__symbolic":"reference","module":"@angular/core","name":"ElementRef"},{"__symbolic":"reference","module":"../dom/domhandler","name":"DomHandler"},{"__symbolic":"reference","module":"@angular/core","name":"Renderer2"},{"__symbolic":"reference","module":"@angular/core","name":"ChangeDetectorRef"},{"__symbolic":"reference","module":"../utils/objectutils","name":"ObjectUtils"},{"__symbolic":"reference","module":"@angular/core","name":"NgZone"}]}],"ngAfterContentInit":[{"__symbolic":"method"}],"ngOnInit":[{"__symbolic":"method"}],"options":[{"__symbolic":"property","decorators":[{"__symbolic":"call","expression":{"__symbolic":"reference","module":"@angular/core","name":"Input"}}]}],"ngAfterViewInit":[{"__symbolic":"method"}],"updateEditableLabel":[{"__symbolic":"method"}],"onItemClick":[{"__symbolic":"method"}],"selectItem":[{"__symbolic":"method"}],"ngAfterViewChecked":[{"__symbolic":"method"}],"writeValue":[{"__symbolic":"method"}],"resetFilter":[{"__symbolic":"method"}],"updateSelectedOption":[{"__symbolic":"method"}],"registerOnChange":[{"__symbolic":"method"}],"registerOnTouched":[{"__symbolic":"method"}],"setDisabledState":[{"__symbolic":"method"}],"updateDimensions":[{"__symbolic":"method"}],"onMouseclick":[{"__symbolic":"method"}],"onEditableInputClick":[{"__symbolic":"method"}],"onEditableInputFocus":[{"__symbolic":"method"}],"onEditableInputChange":[{"__symbolic":"method"}],"onShow":[{"__symbolic":"method"}],"show":[{"__symbolic":"method"}],"hide":[{"__symbolic":"method"}],"alignPanel":[{"__symbolic":"method"}],"onInputFocus":[{"__symbolic":"method"}],"onInputBlur":[{"__symbolic":"method"}],"onKeydown":[{"__symbolic":"method"}],"findOptionIndex":[{"__symbolic":"method"}],"findOption":[{"__symbolic":"method"}],"onFilter":[{"__symbolic":"method"}],"activateFilter":[{"__symbolic":"method"}],"applyFocus":[{"__symbolic":"method"}],"bindDocumentClickListener":[{"__symbolic":"method"}],"unbindDocumentClickListener":[{"__symbolic":"method"}],"ngOnDestroy":[{"__symbolic":"method"}]}},"DropdownModule":{"__symbolic":"class","decorators":[{"__symbolic":"call","expression":{"__symbolic":"reference","module":"@angular/core","name":"NgModule"},"arguments":[{"imports":[{"__symbolic":"reference","module":"@angular/common","name":"CommonModule"},{"__symbolic":"reference","module":"../common/shared","name":"SharedModule"}],"exports":[{"__symbolic":"reference","name":"Dropdown"},{"__symbolic":"reference","module":"../common/shared","name":"SharedModule"}],"declarations":[{"__symbolic":"reference","name":"Dropdown"}]}]}]}}},{"__symbolic":"module","version":1,"metadata":{"DROPDOWN_VALUE_ACCESSOR":{"provide":{"__symbolic":"reference","module":"@angular/forms","name":"NG_VALUE_ACCESSOR"},"useExisting":{"__symbolic":"reference","name":"Dropdown"},"multi":true},"Dropdown":{"__symbolic":"class","decorators":[{"__symbolic":"call","expression":{"__symbolic":"reference","module":"@angular/core","name":"Component"},"arguments":[{"selector":"p-dropdown","template":"\n         <div #container [ngClass]=\"{'ui-dropdown ui-widget ui-state-default ui-corner-all ui-helper-clearfix':true,\n            'ui-state-disabled':disabled,'ui-dropdown-open':panelVisible,'ui-state-focus':focus}\"\n            (click)=\"onMouseclick($event)\" [ngStyle]=\"style\" [class]=\"styleClass\">\n            <div class=\"ui-helper-hidden-accessible\" *ngIf=\"autoWidth\">\n                <select [required]=\"required\" name=\"options\" [attr.aria-label]=\"selectedOption ? selectedOption.label : ' '\" tabindex=\"-1\" aria-hidden=\"true\">\n                    <option *ngFor=\"let option of options\" [value]=\"option.value\" [selected]=\"selectedOption == option\">{{option.label}}</option>\n                </select>\n            </div>\n            <div class=\"ui-helper-hidden-accessible\">\n                <input #in [attr.id]=\"inputId\" type=\"text\" [attr.aria-label]=\"selectedOption ? selectedOption.label : ' '\" readonly (focus)=\"onInputFocus($event)\" role=\"listbox\"\n                    (blur)=\"onInputBlur($event)\" (keydown)=\"onKeydown($event)\" [disabled]=\"disabled\" [attr.tabindex]=\"tabindex\" [attr.autofocus]=\"autofocus\">\n            </div>\n            <label [ngClass]=\"{'ui-dropdown-label ui-inputtext ui-corner-all':true,'ui-dropdown-label-empty':(label == null || label.length === 0)}\" *ngIf=\"!editable && (label != null)\">{{label||'empty'}}</label>\n            <label [ngClass]=\"{'ui-dropdown-label ui-inputtext ui-corner-all ui-placeholder':true,'ui-dropdown-label-empty': (placeholder == null || placeholder.length === 0)}\" *ngIf=\"!editable && (label == null)\">{{placeholder||'empty'}}</label>\n            <input #editableInput type=\"text\" [attr.aria-label]=\"selectedOption ? selectedOption.label : ' '\" class=\"ui-dropdown-label ui-inputtext ui-corner-all\" *ngIf=\"editable\" [disabled]=\"disabled\" [attr.placeholder]=\"placeholder\"\n                        (click)=\"onEditableInputClick($event)\" (input)=\"onEditableInputChange($event)\" (focus)=\"onEditableInputFocus($event)\" (blur)=\"onInputBlur($event)\">\n            <div class=\"ui-dropdown-trigger ui-state-default ui-corner-right\">\n                <span class=\"fa fa-fw fa-caret-down ui-clickable\"></span>\n            </div>\n            <div #panel [ngClass]=\"'ui-dropdown-panel ui-widget-content ui-corner-all ui-helper-hidden ui-shadow'\" [@panelState]=\"panelVisible ? 'visible' : 'hidden'\"\n                [style.display]=\"panelVisible ? 'block' : 'none'\" [ngStyle]=\"panelStyle\" [class]=\"panelStyleClass\">\n                <div *ngIf=\"filter\" class=\"ui-dropdown-filter-container\" (input)=\"onFilter($event)\" (click)=\"$event.stopPropagation()\">\n                    <input #filter type=\"text\" autocomplete=\"off\" class=\"ui-dropdown-filter ui-inputtext ui-widget ui-state-default ui-corner-all\" [attr.placeholder]=\"filterPlaceholder\"\n                    (keydown.enter)=\"$event.preventDefault()\" (keydown)=\"onKeydown($event)\">\n                    <span class=\"fa fa-search\"></span>\n                </div>\n                <div #itemswrapper class=\"ui-dropdown-items-wrapper\" [style.max-height]=\"scrollHeight||'auto'\">\n                    <ul class=\"ui-dropdown-items ui-dropdown-list ui-widget-content ui-widget ui-corner-all ui-helper-reset\" *ngIf=\"lazy ? panelVisible : true\">\n                        <li *ngFor=\"let option of optionsToDisplay;let i=index\"\n                            [ngClass]=\"{'ui-dropdown-item ui-corner-all':true, 'ui-state-highlight':(selectedOption == option),\n                            'ui-dropdown-item-empty':!option.label||option.label.length === 0}\"\n                            (click)=\"onItemClick($event, option)\">\n                            <span *ngIf=\"!itemTemplate\">{{option.label||'empty'}}</span>\n                            <ng-template [pTemplateWrapper]=\"itemTemplate\" [item]=\"option\" *ngIf=\"itemTemplate\"></ng-template>\n                        </li>\n                    </ul>\n                </div>\n            </div>\n        </div>\n    ","animations":[{"__symbolic":"call","expression":{"__symbolic":"reference","module":"@angular/animations","name":"trigger"},"arguments":["panelState",[{"__symbolic":"call","expression":{"__symbolic":"reference","module":"@angular/animations","name":"state"},"arguments":["hidden",{"__symbolic":"call","expression":{"__symbolic":"reference","module":"@angular/animations","name":"style"},"arguments":[{"opacity":0}]}]},{"__symbolic":"call","expression":{"__symbolic":"reference","module":"@angular/animations","name":"state"},"arguments":["visible",{"__symbolic":"call","expression":{"__symbolic":"reference","module":"@angular/animations","name":"style"},"arguments":[{"opacity":1}]}]},{"__symbolic":"call","expression":{"__symbolic":"reference","module":"@angular/animations","name":"transition"},"arguments":["visible => hidden",{"__symbolic":"call","expression":{"__symbolic":"reference","module":"@angular/animations","name":"animate"},"arguments":["400ms ease-in"]}]},{"__symbolic":"call","expression":{"__symbolic":"reference","module":"@angular/animations","name":"transition"},"arguments":["hidden => visible",{"__symbolic":"call","expression":{"__symbolic":"reference","module":"@angular/animations","name":"animate"},"arguments":["400ms ease-out"]}]}]]}],"providers":[{"__symbolic":"reference","module":"../dom/domhandler","name":"DomHandler"},{"__symbolic":"reference","module":"../utils/objectutils","name":"ObjectUtils"},{"__symbolic":"reference","name":"DROPDOWN_VALUE_ACCESSOR"}]}]}],"members":{"scrollHeight":[{"__symbolic":"property","decorators":[{"__symbolic":"call","expression":{"__symbolic":"reference","module":"@angular/core","name":"Input"}}]}],"filter":[{"__symbolic":"property","decorators":[{"__symbolic":"call","expression":{"__symbolic":"reference","module":"@angular/core","name":"Input"}}]}],"style":[{"__symbolic":"property","decorators":[{"__symbolic":"call","expression":{"__symbolic":"reference","module":"@angular/core","name":"Input"}}]}],"panelStyle":[{"__symbolic":"property","decorators":[{"__symbolic":"call","expression":{"__symbolic":"reference","module":"@angular/core","name":"Input"}}]}],"styleClass":[{"__symbolic":"property","decorators":[{"__symbolic":"call","expression":{"__symbolic":"reference","module":"@angular/core","name":"Input"}}]}],"panelStyleClass":[{"__symbolic":"property","decorators":[{"__symbolic":"call","expression":{"__symbolic":"reference","module":"@angular/core","name":"Input"}}]}],"disabled":[{"__symbolic":"property","decorators":[{"__symbolic":"call","expression":{"__symbolic":"reference","module":"@angular/core","name":"Input"}}]}],"readonly":[{"__symbolic":"property","decorators":[{"__symbolic":"call","expression":{"__symbolic":"reference","module":"@angular/core","name":"Input"}}]}],"autoWidth":[{"__symbolic":"property","decorators":[{"__symbolic":"call","expression":{"__symbolic":"reference","module":"@angular/core","name":"Input"}}]}],"required":[{"__symbolic":"property","decorators":[{"__symbolic":"call","expression":{"__symbolic":"reference","module":"@angular/core","name":"Input"}}]}],"editable":[{"__symbolic":"property","decorators":[{"__symbolic":"call","expression":{"__symbolic":"reference","module":"@angular/core","name":"Input"}}]}],"appendTo":[{"__symbolic":"property","decorators":[{"__symbolic":"call","expression":{"__symbolic":"reference","module":"@angular/core","name":"Input"}}]}],"tabindex":[{"__symbolic":"property","decorators":[{"__symbolic":"call","expression":{"__symbolic":"reference","module":"@angular/core","name":"Input"}}]}],"placeholder":[{"__symbolic":"property","decorators":[{"__symbolic":"call","expression":{"__symbolic":"reference","module":"@angular/core","name":"Input"}}]}],"filterPlaceholder":[{"__symbolic":"property","decorators":[{"__symbolic":"call","expression":{"__symbolic":"reference","module":"@angular/core","name":"Input"}}]}],"inputId":[{"__symbolic":"property","decorators":[{"__symbolic":"call","expression":{"__symbolic":"reference","module":"@angular/core","name":"Input"}}]}],"dataKey":[{"__symbolic":"property","decorators":[{"__symbolic":"call","expression":{"__symbolic":"reference","module":"@angular/core","name":"Input"}}]}],"filterBy":[{"__symbolic":"property","decorators":[{"__symbolic":"call","expression":{"__symbolic":"reference","module":"@angular/core","name":"Input"}}]}],"lazy":[{"__symbolic":"property","decorators":[{"__symbolic":"call","expression":{"__symbolic":"reference","module":"@angular/core","name":"Input"}}]}],"autofocus":[{"__symbolic":"property","decorators":[{"__symbolic":"call","expression":{"__symbolic":"reference","module":"@angular/core","name":"Input"}}]}],"resetFilterOnHide":[{"__symbolic":"property","decorators":[{"__symbolic":"call","expression":{"__symbolic":"reference","module":"@angular/core","name":"Input"}}]}],"onChange":[{"__symbolic":"property","decorators":[{"__symbolic":"call","expression":{"__symbolic":"reference","module":"@angular/core","name":"Output"}}]}],"onFocus":[{"__symbolic":"property","decorators":[{"__symbolic":"call","expression":{"__symbolic":"reference","module":"@angular/core","name":"Output"}}]}],"onBlur":[{"__symbolic":"property","decorators":[{"__symbolic":"call","expression":{"__symbolic":"reference","module":"@angular/core","name":"Output"}}]}],"containerViewChild":[{"__symbolic":"property","decorators":[{"__symbolic":"call","expression":{"__symbolic":"reference","module":"@angular/core","name":"ViewChild"},"arguments":["container"]}]}],"panelViewChild":[{"__symbolic":"property","decorators":[{"__symbolic":"call","expression":{"__symbolic":"reference","module":"@angular/core","name":"ViewChild"},"arguments":["panel"]}]}],"itemsWrapperViewChild":[{"__symbolic":"property","decorators":[{"__symbolic":"call","expression":{"__symbolic":"reference","module":"@angular/core","name":"ViewChild"},"arguments":["itemswrapper"]}]}],"filterViewChild":[{"__symbolic":"property","decorators":[{"__symbolic":"call","expression":{"__symbolic":"reference","module":"@angular/core","name":"ViewChild"},"arguments":["filter"]}]}],"focusViewChild":[{"__symbolic":"property","decorators":[{"__symbolic":"call","expression":{"__symbolic":"reference","module":"@angular/core","name":"ViewChild"},"arguments":["in"]}]}],"editableInputViewChild":[{"__symbolic":"property","decorators":[{"__symbolic":"call","expression":{"__symbolic":"reference","module":"@angular/core","name":"ViewChild"},"arguments":["editableInput"]}]}],"templates":[{"__symbolic":"property","decorators":[{"__symbolic":"call","expression":{"__symbolic":"reference","module":"@angular/core","name":"ContentChildren"},"arguments":[{"__symbolic":"reference","module":"../common/shared","name":"PrimeTemplate"}]}]}],"__ctor__":[{"__symbolic":"constructor","parameters":[{"__symbolic":"reference","module":"@angular/core","name":"ElementRef"},{"__symbolic":"reference","module":"../dom/domhandler","name":"DomHandler"},{"__symbolic":"reference","module":"@angular/core","name":"Renderer2"},{"__symbolic":"reference","module":"@angular/core","name":"ChangeDetectorRef"},{"__symbolic":"reference","module":"../utils/objectutils","name":"ObjectUtils"},{"__symbolic":"reference","module":"@angular/core","name":"NgZone"}]}],"ngAfterContentInit":[{"__symbolic":"method"}],"ngOnInit":[{"__symbolic":"method"}],"options":[{"__symbolic":"property","decorators":[{"__symbolic":"call","expression":{"__symbolic":"reference","module":"@angular/core","name":"Input"}}]}],"ngAfterViewInit":[{"__symbolic":"method"}],"updateEditableLabel":[{"__symbolic":"method"}],"onItemClick":[{"__symbolic":"method"}],"selectItem":[{"__symbolic":"method"}],"ngAfterViewChecked":[{"__symbolic":"method"}],"writeValue":[{"__symbolic":"method"}],"resetFilter":[{"__symbolic":"method"}],"updateSelectedOption":[{"__symbolic":"method"}],"registerOnChange":[{"__symbolic":"method"}],"registerOnTouched":[{"__symbolic":"method"}],"setDisabledState":[{"__symbolic":"method"}],"updateDimensions":[{"__symbolic":"method"}],"onMouseclick":[{"__symbolic":"method"}],"onEditableInputClick":[{"__symbolic":"method"}],"onEditableInputFocus":[{"__symbolic":"method"}],"onEditableInputChange":[{"__symbolic":"method"}],"onShow":[{"__symbolic":"method"}],"show":[{"__symbolic":"method"}],"hide":[{"__symbolic":"method"}],"alignPanel":[{"__symbolic":"method"}],"onInputFocus":[{"__symbolic":"method"}],"onInputBlur":[{"__symbolic":"method"}],"onKeydown":[{"__symbolic":"method"}],"findOptionIndex":[{"__symbolic":"method"}],"findOption":[{"__symbolic":"method"}],"onFilter":[{"__symbolic":"method"}],"activateFilter":[{"__symbolic":"method"}],"applyFocus":[{"__symbolic":"method"}],"bindDocumentClickListener":[{"__symbolic":"method"}],"unbindDocumentClickListener":[{"__symbolic":"method"}],"ngOnDestroy":[{"__symbolic":"method"}]}},"DropdownModule":{"__symbolic":"class","decorators":[{"__symbolic":"call","expression":{"__symbolic":"reference","module":"@angular/core","name":"NgModule"},"arguments":[{"imports":[{"__symbolic":"reference","module":"@angular/common","name":"CommonModule"},{"__symbolic":"reference","module":"../common/shared","name":"SharedModule"}],"exports":[{"__symbolic":"reference","name":"Dropdown"},{"__symbolic":"reference","module":"../common/shared","name":"SharedModule"}],"declarations":[{"__symbolic":"reference","name":"Dropdown"}]}]}]}}}]