[{"__symbolic":"module","version":3,"metadata":{"Paginator":{"__symbolic":"class","decorators":[{"__symbolic":"call","expression":{"__symbolic":"reference","module":"@angular/core","name":"Component"},"arguments":[{"selector":"p-paginator","template":"\n        <div [class]=\"styleClass\" [ngStyle]=\"style\" [ngClass]=\"'ui-paginator ui-widget ui-widget-header ui-unselectable-text'\"\n            *ngIf=\"alwaysShow ? true : (pageLinks && pageLinks.length > 1)\">\n            <a href=\"#\" class=\"ui-paginator-first ui-paginator-element ui-state-default ui-corner-all\"\n                    (click)=\"changePageToFirst($event)\" [ngClass]=\"{'ui-state-disabled':isFirstPage()}\" [tabindex]=\"isFirstPage() ? -1 : null\">\n                <span class=\"fa fa-step-backward\"></span>\n            </a>\n            <a href=\"#\" class=\"ui-paginator-prev ui-paginator-element ui-state-default ui-corner-all\"\n                    (click)=\"changePageToPrev($event)\" [ngClass]=\"{'ui-state-disabled':isFirstPage()}\" [tabindex]=\"isFirstPage() ? -1 : null\">\n                <span class=\"fa fa-backward\"></span>\n            </a>\n            <span class=\"ui-paginator-pages\">\n                <a href=\"#\" *ngFor=\"let pageLink of pageLinks\" class=\"ui-paginator-page ui-paginator-element ui-state-default ui-corner-all\"\n                    (click)=\"onPageLinkClick($event, pageLink - 1)\" [ngClass]=\"{'ui-state-active': (pageLink-1 == getPage())}\">{{pageLink}}</a>\n            </span>\n            <a href=\"#\" class=\"ui-paginator-next ui-paginator-element ui-state-default ui-corner-all\"\n                    (click)=\"changePageToNext($event)\" [ngClass]=\"{'ui-state-disabled':isLastPage()}\" [tabindex]=\"isLastPage() ? -1 : null\">\n                <span class=\"fa fa-forward\"></span>\n            </a>\n            <a href=\"#\" class=\"ui-paginator-last ui-paginator-element ui-state-default ui-corner-all\"\n                    (click)=\"changePageToLast($event)\" [ngClass]=\"{'ui-state-disabled':isLastPage()}\" [tabindex]=\"isLastPage() ? -1 : null\">\n                <span class=\"fa fa-step-forward\"></span>\n            </a>\n            <select class=\"ui-paginator-rpp-options ui-widget ui-state-default\" *ngIf=\"rowsPerPageOptions\" (change)=\"onRppChange($event)\">\n                <option *ngFor=\"let opt of rowsPerPageOptions\" [value]=\"opt\" [selected]=\"rows == opt\">{{opt}}</option>\n            </select>\n        </div>\n    "}]}],"members":{"pageLinkSize":[{"__symbolic":"property","decorators":[{"__symbolic":"call","expression":{"__symbolic":"reference","module":"@angular/core","name":"Input"}}]}],"onPageChange":[{"__symbolic":"property","decorators":[{"__symbolic":"call","expression":{"__symbolic":"reference","module":"@angular/core","name":"Output"}}]}],"style":[{"__symbolic":"property","decorators":[{"__symbolic":"call","expression":{"__symbolic":"reference","module":"@angular/core","name":"Input"}}]}],"styleClass":[{"__symbolic":"property","decorators":[{"__symbolic":"call","expression":{"__symbolic":"reference","module":"@angular/core","name":"Input"}}]}],"rowsPerPageOptions":[{"__symbolic":"property","decorators":[{"__symbolic":"call","expression":{"__symbolic":"reference","module":"@angular/core","name":"Input"}}]}],"alwaysShow":[{"__symbolic":"property","decorators":[{"__symbolic":"call","expression":{"__symbolic":"reference","module":"@angular/core","name":"Input"}}]}],"totalRecords":[{"__symbolic":"property","decorators":[{"__symbolic":"call","expression":{"__symbolic":"reference","module":"@angular/core","name":"Input"}}]}],"first":[{"__symbolic":"property","decorators":[{"__symbolic":"call","expression":{"__symbolic":"reference","module":"@angular/core","name":"Input"}}]}],"rows":[{"__symbolic":"property","decorators":[{"__symbolic":"call","expression":{"__symbolic":"reference","module":"@angular/core","name":"Input"}}]}],"isFirstPage":[{"__symbolic":"method"}],"isLastPage":[{"__symbolic":"method"}],"getPageCount":[{"__symbolic":"method"}],"calculatePageLinkBoundaries":[{"__symbolic":"method"}],"updatePageLinks":[{"__symbolic":"method"}],"changePage":[{"__symbolic":"method"}],"getPage":[{"__symbolic":"method"}],"changePageToFirst":[{"__symbolic":"method"}],"changePageToPrev":[{"__symbolic":"method"}],"changePageToNext":[{"__symbolic":"method"}],"changePageToLast":[{"__symbolic":"method"}],"onPageLinkClick":[{"__symbolic":"method"}],"onRppChange":[{"__symbolic":"method"}]}},"PaginatorModule":{"__symbolic":"class","decorators":[{"__symbolic":"call","expression":{"__symbolic":"reference","module":"@angular/core","name":"NgModule"},"arguments":[{"imports":[{"__symbolic":"reference","module":"@angular/common","name":"CommonModule"}],"exports":[{"__symbolic":"reference","name":"Paginator"}],"declarations":[{"__symbolic":"reference","name":"Paginator"}]}]}]}}},{"__symbolic":"module","version":1,"metadata":{"Paginator":{"__symbolic":"class","decorators":[{"__symbolic":"call","expression":{"__symbolic":"reference","module":"@angular/core","name":"Component"},"arguments":[{"selector":"p-paginator","template":"\n        <div [class]=\"styleClass\" [ngStyle]=\"style\" [ngClass]=\"'ui-paginator ui-widget ui-widget-header ui-unselectable-text'\"\n            *ngIf=\"alwaysShow ? true : (pageLinks && pageLinks.length > 1)\">\n            <a href=\"#\" class=\"ui-paginator-first ui-paginator-element ui-state-default ui-corner-all\"\n                    (click)=\"changePageToFirst($event)\" [ngClass]=\"{'ui-state-disabled':isFirstPage()}\" [tabindex]=\"isFirstPage() ? -1 : null\">\n                <span class=\"fa fa-step-backward\"></span>\n            </a>\n            <a href=\"#\" class=\"ui-paginator-prev ui-paginator-element ui-state-default ui-corner-all\"\n                    (click)=\"changePageToPrev($event)\" [ngClass]=\"{'ui-state-disabled':isFirstPage()}\" [tabindex]=\"isFirstPage() ? -1 : null\">\n                <span class=\"fa fa-backward\"></span>\n            </a>\n            <span class=\"ui-paginator-pages\">\n                <a href=\"#\" *ngFor=\"let pageLink of pageLinks\" class=\"ui-paginator-page ui-paginator-element ui-state-default ui-corner-all\"\n                    (click)=\"onPageLinkClick($event, pageLink - 1)\" [ngClass]=\"{'ui-state-active': (pageLink-1 == getPage())}\">{{pageLink}}</a>\n            </span>\n            <a href=\"#\" class=\"ui-paginator-next ui-paginator-element ui-state-default ui-corner-all\"\n                    (click)=\"changePageToNext($event)\" [ngClass]=\"{'ui-state-disabled':isLastPage()}\" [tabindex]=\"isLastPage() ? -1 : null\">\n                <span class=\"fa fa-forward\"></span>\n            </a>\n            <a href=\"#\" class=\"ui-paginator-last ui-paginator-element ui-state-default ui-corner-all\"\n                    (click)=\"changePageToLast($event)\" [ngClass]=\"{'ui-state-disabled':isLastPage()}\" [tabindex]=\"isLastPage() ? -1 : null\">\n                <span class=\"fa fa-step-forward\"></span>\n            </a>\n            <select class=\"ui-paginator-rpp-options ui-widget ui-state-default\" *ngIf=\"rowsPerPageOptions\" (change)=\"onRppChange($event)\">\n                <option *ngFor=\"let opt of rowsPerPageOptions\" [value]=\"opt\" [selected]=\"rows == opt\">{{opt}}</option>\n            </select>\n        </div>\n    "}]}],"members":{"pageLinkSize":[{"__symbolic":"property","decorators":[{"__symbolic":"call","expression":{"__symbolic":"reference","module":"@angular/core","name":"Input"}}]}],"onPageChange":[{"__symbolic":"property","decorators":[{"__symbolic":"call","expression":{"__symbolic":"reference","module":"@angular/core","name":"Output"}}]}],"style":[{"__symbolic":"property","decorators":[{"__symbolic":"call","expression":{"__symbolic":"reference","module":"@angular/core","name":"Input"}}]}],"styleClass":[{"__symbolic":"property","decorators":[{"__symbolic":"call","expression":{"__symbolic":"reference","module":"@angular/core","name":"Input"}}]}],"rowsPerPageOptions":[{"__symbolic":"property","decorators":[{"__symbolic":"call","expression":{"__symbolic":"reference","module":"@angular/core","name":"Input"}}]}],"alwaysShow":[{"__symbolic":"property","decorators":[{"__symbolic":"call","expression":{"__symbolic":"reference","module":"@angular/core","name":"Input"}}]}],"totalRecords":[{"__symbolic":"property","decorators":[{"__symbolic":"call","expression":{"__symbolic":"reference","module":"@angular/core","name":"Input"}}]}],"first":[{"__symbolic":"property","decorators":[{"__symbolic":"call","expression":{"__symbolic":"reference","module":"@angular/core","name":"Input"}}]}],"rows":[{"__symbolic":"property","decorators":[{"__symbolic":"call","expression":{"__symbolic":"reference","module":"@angular/core","name":"Input"}}]}],"isFirstPage":[{"__symbolic":"method"}],"isLastPage":[{"__symbolic":"method"}],"getPageCount":[{"__symbolic":"method"}],"calculatePageLinkBoundaries":[{"__symbolic":"method"}],"updatePageLinks":[{"__symbolic":"method"}],"changePage":[{"__symbolic":"method"}],"getPage":[{"__symbolic":"method"}],"changePageToFirst":[{"__symbolic":"method"}],"changePageToPrev":[{"__symbolic":"method"}],"changePageToNext":[{"__symbolic":"method"}],"changePageToLast":[{"__symbolic":"method"}],"onPageLinkClick":[{"__symbolic":"method"}],"onRppChange":[{"__symbolic":"method"}]}},"PaginatorModule":{"__symbolic":"class","decorators":[{"__symbolic":"call","expression":{"__symbolic":"reference","module":"@angular/core","name":"NgModule"},"arguments":[{"imports":[{"__symbolic":"reference","module":"@angular/common","name":"CommonModule"}],"exports":[{"__symbolic":"reference","name":"Paginator"}],"declarations":[{"__symbolic":"reference","name":"Paginator"}]}]}]}}}]