[{"__symbolic":"module","version":3,"metadata":{"Lightbox":{"__symbolic":"class","decorators":[{"__symbolic":"call","expression":{"__symbolic":"reference","module":"@angular/core","name":"Component"},"arguments":[{"selector":"p-lightbox","template":"\n        <div [ngStyle]=\"style\" [class]=\"styleClass\" *ngIf=\"(type == 'image')\">\n            <a *ngFor=\"let image of images; let i = index;\" [href]=\"image.source\" (click)=\"onImageClick($event,image,i,content)\">\n                <img [src]=\"image.thumbnail\" [title]=\"image.title\" [alt]=\"image.alt\">\n            </a>\n        </div>\n        <span [ngStyle]=\"style\" [class]=\"styleClass\" *ngIf=\"(type == 'content')\" (click)=\"onLinkClick($event,content)\">\n            <ng-content select=\"a\"></ng-content>\n        </span>\n        <div class=\"ui-lightbox ui-widget ui-helper-hidden ui-corner-all ui-shadow\" [style.display]=\"visible ? 'block' : 'none'\" [style.zIndex]=\"zindex\"\n            [ngClass]=\"{'ui-lightbox-loading': loading}\"\n            [style.transitionProperty]=\"'all'\" [style.transitionDuration]=\"effectDuration\" [style.transitionTimingFunction]=\"easing\" (click)=\"preventDocumentClickListener=true\">\n           <div class=\"ui-lightbox-content-wrapper\">\n              <a class=\"ui-state-default ui-lightbox-nav-left ui-corner-right\" [style.zIndex]=\"zindex + 1\" (click)=\"prev(img)\"\n                [ngClass]=\"{'ui-helper-hidden':!leftVisible}\"><span class=\"fa fa-fw fa-caret-left\"></span></a>\n              <div #content class=\"ui-lightbox-content ui-corner-all\" #content \n                [style.transitionProperty]=\"'width,height'\" [style.transitionDuration]=\"effectDuration\" [style.transitionTimingFunction]=\"easing\">\n                <img #img [src]=\"currentImage ? currentImage.source||'' : ''\" (load)=\"onImageLoad($event,content)\" style=\"display:none\">\n                <ng-content></ng-content>\n              </div>\n              <a class=\"ui-state-default ui-lightbox-nav-right ui-corner-left ui-helper-hidden\" [style.zIndex]=\"zindex + 1\" (click)=\"next(img)\"\n                [ngClass]=\"{'ui-helper-hidden':!rightVisible}\"><span class=\"fa fa-fw fa-caret-right\"></span></a>\n           </div>\n           <div class=\"ui-lightbox-caption ui-widget-header\" [style.display]=\"captionText ? 'block' : 'none'\">\n              <span class=\"ui-lightbox-caption-text\">{{captionText}}</span><a class=\"ui-lightbox-close ui-corner-all\" href=\"#\" (click)=\"hide($event)\"><span class=\"fa fa-fw fa-close\"></span></a>\n              <div style=\"clear:both\"></div>\n           </div>\n        </div>\n    ","providers":[{"__symbolic":"reference","module":"../dom/domhandler","name":"DomHandler"}]}]}],"members":{"images":[{"__symbolic":"property","decorators":[{"__symbolic":"call","expression":{"__symbolic":"reference","module":"@angular/core","name":"Input"}}]}],"type":[{"__symbolic":"property","decorators":[{"__symbolic":"call","expression":{"__symbolic":"reference","module":"@angular/core","name":"Input"}}]}],"style":[{"__symbolic":"property","decorators":[{"__symbolic":"call","expression":{"__symbolic":"reference","module":"@angular/core","name":"Input"}}]}],"styleClass":[{"__symbolic":"property","decorators":[{"__symbolic":"call","expression":{"__symbolic":"reference","module":"@angular/core","name":"Input"}}]}],"appendTo":[{"__symbolic":"property","decorators":[{"__symbolic":"call","expression":{"__symbolic":"reference","module":"@angular/core","name":"Input"}}]}],"easing":[{"__symbolic":"property","decorators":[{"__symbolic":"call","expression":{"__symbolic":"reference","module":"@angular/core","name":"Input"}}]}],"effectDuration":[{"__symbolic":"property","decorators":[{"__symbolic":"call","expression":{"__symbolic":"reference","module":"@angular/core","name":"Input"}}]}],"__ctor__":[{"__symbolic":"constructor","parameters":[{"__symbolic":"reference","module":"@angular/core","name":"ElementRef"},{"__symbolic":"reference","module":"../dom/domhandler","name":"DomHandler"},{"__symbolic":"reference","module":"@angular/core","name":"Renderer2"}]}],"onImageClick":[{"__symbolic":"method"}],"ngAfterViewInit":[{"__symbolic":"method"}],"onLinkClick":[{"__symbolic":"method"}],"displayImage":[{"__symbolic":"method"}],"show":[{"__symbolic":"method"}],"hide":[{"__symbolic":"method"}],"center":[{"__symbolic":"method"}],"onImageLoad":[{"__symbolic":"method"}],"prev":[{"__symbolic":"method"}],"next":[{"__symbolic":"method"}],"ngOnDestroy":[{"__symbolic":"method"}]}},"LightboxModule":{"__symbolic":"class","decorators":[{"__symbolic":"call","expression":{"__symbolic":"reference","module":"@angular/core","name":"NgModule"},"arguments":[{"imports":[{"__symbolic":"reference","module":"@angular/common","name":"CommonModule"}],"exports":[{"__symbolic":"reference","name":"Lightbox"}],"declarations":[{"__symbolic":"reference","name":"Lightbox"}]}]}]}}},{"__symbolic":"module","version":1,"metadata":{"Lightbox":{"__symbolic":"class","decorators":[{"__symbolic":"call","expression":{"__symbolic":"reference","module":"@angular/core","name":"Component"},"arguments":[{"selector":"p-lightbox","template":"\n        <div [ngStyle]=\"style\" [class]=\"styleClass\" *ngIf=\"(type == 'image')\">\n            <a *ngFor=\"let image of images; let i = index;\" [href]=\"image.source\" (click)=\"onImageClick($event,image,i,content)\">\n                <img [src]=\"image.thumbnail\" [title]=\"image.title\" [alt]=\"image.alt\">\n            </a>\n        </div>\n        <span [ngStyle]=\"style\" [class]=\"styleClass\" *ngIf=\"(type == 'content')\" (click)=\"onLinkClick($event,content)\">\n            <ng-content select=\"a\"></ng-content>\n        </span>\n        <div class=\"ui-lightbox ui-widget ui-helper-hidden ui-corner-all ui-shadow\" [style.display]=\"visible ? 'block' : 'none'\" [style.zIndex]=\"zindex\"\n            [ngClass]=\"{'ui-lightbox-loading': loading}\"\n            [style.transitionProperty]=\"'all'\" [style.transitionDuration]=\"effectDuration\" [style.transitionTimingFunction]=\"easing\" (click)=\"preventDocumentClickListener=true\">\n           <div class=\"ui-lightbox-content-wrapper\">\n              <a class=\"ui-state-default ui-lightbox-nav-left ui-corner-right\" [style.zIndex]=\"zindex + 1\" (click)=\"prev(img)\"\n                [ngClass]=\"{'ui-helper-hidden':!leftVisible}\"><span class=\"fa fa-fw fa-caret-left\"></span></a>\n              <div #content class=\"ui-lightbox-content ui-corner-all\" #content \n                [style.transitionProperty]=\"'width,height'\" [style.transitionDuration]=\"effectDuration\" [style.transitionTimingFunction]=\"easing\">\n                <img #img [src]=\"currentImage ? currentImage.source||'' : ''\" (load)=\"onImageLoad($event,content)\" style=\"display:none\">\n                <ng-content></ng-content>\n              </div>\n              <a class=\"ui-state-default ui-lightbox-nav-right ui-corner-left ui-helper-hidden\" [style.zIndex]=\"zindex + 1\" (click)=\"next(img)\"\n                [ngClass]=\"{'ui-helper-hidden':!rightVisible}\"><span class=\"fa fa-fw fa-caret-right\"></span></a>\n           </div>\n           <div class=\"ui-lightbox-caption ui-widget-header\" [style.display]=\"captionText ? 'block' : 'none'\">\n              <span class=\"ui-lightbox-caption-text\">{{captionText}}</span><a class=\"ui-lightbox-close ui-corner-all\" href=\"#\" (click)=\"hide($event)\"><span class=\"fa fa-fw fa-close\"></span></a>\n              <div style=\"clear:both\"></div>\n           </div>\n        </div>\n    ","providers":[{"__symbolic":"reference","module":"../dom/domhandler","name":"DomHandler"}]}]}],"members":{"images":[{"__symbolic":"property","decorators":[{"__symbolic":"call","expression":{"__symbolic":"reference","module":"@angular/core","name":"Input"}}]}],"type":[{"__symbolic":"property","decorators":[{"__symbolic":"call","expression":{"__symbolic":"reference","module":"@angular/core","name":"Input"}}]}],"style":[{"__symbolic":"property","decorators":[{"__symbolic":"call","expression":{"__symbolic":"reference","module":"@angular/core","name":"Input"}}]}],"styleClass":[{"__symbolic":"property","decorators":[{"__symbolic":"call","expression":{"__symbolic":"reference","module":"@angular/core","name":"Input"}}]}],"appendTo":[{"__symbolic":"property","decorators":[{"__symbolic":"call","expression":{"__symbolic":"reference","module":"@angular/core","name":"Input"}}]}],"easing":[{"__symbolic":"property","decorators":[{"__symbolic":"call","expression":{"__symbolic":"reference","module":"@angular/core","name":"Input"}}]}],"effectDuration":[{"__symbolic":"property","decorators":[{"__symbolic":"call","expression":{"__symbolic":"reference","module":"@angular/core","name":"Input"}}]}],"__ctor__":[{"__symbolic":"constructor","parameters":[{"__symbolic":"reference","module":"@angular/core","name":"ElementRef"},{"__symbolic":"reference","module":"../dom/domhandler","name":"DomHandler"},{"__symbolic":"reference","module":"@angular/core","name":"Renderer2"}]}],"onImageClick":[{"__symbolic":"method"}],"ngAfterViewInit":[{"__symbolic":"method"}],"onLinkClick":[{"__symbolic":"method"}],"displayImage":[{"__symbolic":"method"}],"show":[{"__symbolic":"method"}],"hide":[{"__symbolic":"method"}],"center":[{"__symbolic":"method"}],"onImageLoad":[{"__symbolic":"method"}],"prev":[{"__symbolic":"method"}],"next":[{"__symbolic":"method"}],"ngOnDestroy":[{"__symbolic":"method"}]}},"LightboxModule":{"__symbolic":"class","decorators":[{"__symbolic":"call","expression":{"__symbolic":"reference","module":"@angular/core","name":"NgModule"},"arguments":[{"imports":[{"__symbolic":"reference","module":"@angular/common","name":"CommonModule"}],"exports":[{"__symbolic":"reference","name":"Lightbox"}],"declarations":[{"__symbolic":"reference","name":"Lightbox"}]}]}]}}}]